id,ftext_key,category,source_text,arabic_translation,notes,placeholders
EL_M01_E01_1000_M010_PCM000_m,M01_E01_1000_M010_PCM000_m,dialogue,……こんな旅立ちになってすまない。,……أنا آسف لأن رحيلنا آل إلى هذا.,Translated and verified.,[]
EL_M01_E01_1000_M020_PCM000_m,M01_E01_1000_M020_PCM000_m,dialogue,だが、封印は解けてしまった。\nもうこうするしかないんだ……,لكن الختم قد كُسر.\nولم يعد أمامنا خيار آخر……,Translated and verified.,"[""\\n""]"
EL_M01_E01_1000_M030_PCM000_m,M01_E01_1000_M030_PCM000_m,dialogue,これを。\n大切に持っているんだよ。,خذ هذا.\nواحتفظ به بعناية.,Translated and verified.,"[""\\n""]"
EL_M01_E01_1000_M040_PCM000_m,M01_E01_1000_M040_PCM000_m,dialogue,……君が最後の希望なんだ。\nどうか頼む――,……أنت الأمل الأخير.\nأرجوك――,Translated and verified.,"[""\\n""]"
EL_M01_E01_1000_M050_PCM000_m,M01_E01_1000_M050_PCM000_m,dialogue,…………を…………に……導いて――,………… قُدْ ………… إلى …………――,Translated and verified.,[]
EL_M01_E01_1000_M060_PCM000_m,M01_E01_1000_M060_PCM000_m,dialogue,封印を司る……族と……協力して…………を倒し……,تعاون مع…… عشيرة الختم…… واهزم ………………,Translated and verified.,[]
EL_M01_E01_1000_M070_PCM000_m,M01_E01_1000_M070_PCM000_m,dialogue,王国を――………………救ってくれ……！,وأنقذ――……………… المملكة……!,Translated and verified.,[]
EL_M01_E01_2000,M01_E01_2000,dialogue,王や学者たちが遺跡探索を主人公に頼もうと話をしている。,يتناقش الملك والعلماء حول تكليف البطل باستكشاف الأطلال.,Translated and verified.,[]
EL_M01_E01_2000_M010_NPC0030_m,M01_E01_2000_M010_NPC0030_m,dialogue,……新たな遺跡が見つかっただと？,……أتقول إنه قد عُثر على أطلال جديدة؟,Translated and verified.,[]
EL_M01_E01_2000_M020_NPC0020_m,M01_E01_2000_M020_NPC0020_m,dialogue,はい、記録にはない遺跡です。\nかなり古い時代の物と思われます。,نعم، إنها أطلال غير مدرجة في السجلات.\nونعتقد أنها تعود إلى عصر قديم جدًا.,Translated and verified.,"[""\\n""]"
EL_M01_E01_2000_M030_NPC0040_m,M01_E01_2000_M030_NPC0040_m,dialogue,ヒカルド陛下！\nさっそく兵士たちに調べさせましょう！,جلالة الملك هيكاردو!\nفلنرسل الجنود فورًا لاستكشافها!,Translated and verified.,"[""\\n""]"
EL_M01_E01_2000_M040_NPC0030_m,M01_E01_2000_M040_NPC0030_m,dialogue,以前、そうして多くの兵士を失った。\nまた同じ過ちを繰り返す気か、カイフリード？,لقد فقدنا الكثير من الجنود بفعل ذلك سابقًا.\nهل تنوي تكرار الخطأ نفسه يا كايفرايد؟,Translated and verified.,"[""\\n""]"
EL_M01_E01_2000_M050_NPC0040_m,M01_E01_2000_M050_NPC0040_m,dialogue,お言葉ですが、力を得るために犠牲はつきもの。\nすべてはヒューザー王国の未来のためです。,مع كامل احترامي، التضحية أمر لا مفر منه لاكتساب القوة.\nوكل هذا من أجل مستقبل مملكة هيوزر.,Translated and verified.,"[""\\n""]"
EL_M01_E01_2000_M060_NPC0030_m,M01_E01_2000_M060_NPC0030_m,dialogue,ひかえよ！\n王家の家訓を忘れたか。,الزم حدودك!\nأنسيت وصية العائلة المالكة؟,Translated and verified.,"[""\\n""]"
EL_M01_E01_2000_M070_NPC0030_m,M01_E01_2000_M070_NPC0030_m,dialogue,『力に捉われることなかれ。\n　力を欲する者は、力によって滅ぶであろう』,『لا تكن أسيرًا للقوة.\n　فمن يبتغي القوة، سيهلك بها』,Translated and verified.,"[""\\n""]"
EL_M01_E01_2000_M080_NPC0030_m,M01_E01_2000_M080_NPC0030_m,dialogue,偉大なる先祖――\n英雄王の言葉に従うのが余の務めだ。,من واجبي اتباع كلمات سلفنا العظيم――\nالملك البطل.,Translated and verified.,"[""\\n""]"
EL_M01_E01_2000_M090_NPC0040_m,M01_E01_2000_M090_NPC0040_m,dialogue,くっ……,تبًا……,Translated and verified.,[]
EL_M01_E01_2000_M100_NPC0040_m,M01_E01_2000_M100_NPC0040_m,dialogue,しかし、姫様の加護の魔法に\n王国の守りは頼りきっています。,لكن حماية المملكة تعتمد كليًا\nعلى سحر بركة الأميرة.,Translated and verified.,"[""\\n""]"
EL_M01_E01_2000_M110_NPC0040_m,M01_E01_2000_M110_NPC0040_m,dialogue,見つかった遺跡には、未知の魔法知識が\n眠っているやもしれませぬ。,وربما تكون هناك معرفة سحرية مجهولة\nنائمة في تلك الأطلال المكتشفة.,Translated and verified.,"[""\\n""]"
EL_M01_E01_2000_M120_NPC0040_m,M01_E01_2000_M120_NPC0040_m,dialogue,それを用いれば、姫様の負担も\nきっと減らせるはずです。,وإذا استخدمناها، فبالتأكيد\nسنخفف العبء عن كاهل الأميرة.,Translated and verified.,"[""\\n""]"
EL_M01_E01_2000_M140_NPC0030_m,M01_E01_2000_M140_NPC0030_m,dialogue,……余とて、ヒューリア一人に\n重荷を背負わせていることはわかっている。,……أنا أيضًا أعلم أننا نلقي بالعبء\nكله على عاتق هيوريا بمفردها.,Translated and verified.,"[""\\n""]"
EL_M01_E01_2000_M160_NPC0010_f,M01_E01_2000_M160_NPC0010_f,dialogue,お父様、カイフリード。\n私なら大丈夫です。,أبي، كايفرايد.\nأنا بخير، لا تقلقا.,Translated and verified.,"[""\\n""]"
EL_M01_E01_2000_M170_NPC0010_f,M01_E01_2000_M170_NPC0010_f,dialogue,私は加護の力を重荷だなんて思っていません。\nむしろ、この力で民を守れることに感謝しています。,لا أعتبر قوة البركة عبئًا عليّ على الإطلاق.\nبل أنا ممتنة لأنني أستطيع حماية شعبي بهذه القوة.,Translated and verified.,"[""\\n""]"
EL_M01_E01_2000_M180_NPC0030_m,M01_E01_2000_M180_NPC0030_m,dialogue,……すまぬ。\nその言葉、誇りに思うぞ。,……أعتذر منكِ.\nإني لفخور بكلماتكِ هذه.,Translated and verified.,"[""\\n""]"
EL_M01_E01_2000_M190_NPC0040_m,M01_E01_2000_M190_NPC0040_m,dialogue,誇りの問題ではありませぬ！\n姫様に万が一のことがあれば、この国がどうなるか――,الأمر لا يتعلق بالفخر!\nلو حدث مكروه لسموكِ، فماذا سيحل بهذا البلد――,Translated and verified.,"[""\\n""]"
EL_M01_E01_2000_M200_NPC0010_f,M01_E01_2000_M200_NPC0010_f,dialogue,その万一のときに王国を守るのが兵士たちの役目です。\n危険な調査を強いるべきではありません。,حماية المملكة في تلك اللحظات الحرجة هي مهمة الجنود.\nولا ينبغي لنا إجبارهم على خوض تحقيق خطير.,Translated and verified.,"[""\\n""]"
EL_M01_E01_2000_M210_NPC0040_m,M01_E01_2000_M210_NPC0040_m,dialogue,ぐぬ……,غررر……,Translated and verified.,[]
EL_M01_E01_2000_M220_NPC0020_m,M01_E01_2000_M220_NPC0020_m,dialogue,おそれながら……\n妙案があります。,على رسلكم……\nلدي فكرة سديدة.,Translated and verified.,"[""\\n""]"
EL_M01_E01_2000_M230_NPC0040_m,M01_E01_2000_M230_NPC0040_m,dialogue,学者ごときが口を挟むな！,لا تتدخل في هذا يا مجرد عالم!,Translated and verified.,[]
EL_M01_E01_2000_M240_NPC0020_m,M01_E01_2000_M240_NPC0020_m,dialogue,し、失礼しました……,مـ، معذرة……,Translated and verified.,[]
EL_M01_E01_2000_M250_NPC0030_m,M01_E01_2000_M250_NPC0030_m,dialogue,かまわん。\n申してみよ、ユイジーヌ。,لا بأس.\nتحدث يا يوجين.,Translated and verified.,"[""\\n""]"
EL_M01_E01_2000_M260_NPC0020_m,M01_E01_2000_M260_NPC0020_m,dialogue,は……私の古い知り合いに優れた冒険家がいます。\nその者に遺跡を調べさせてはいかがでしょう？,حاضر…… لدي صديق قديم وهو مغامر بارع.\nما رأيكم في تكليفه بفحص الأطلال؟,Translated and verified.,"[""\\n""]"
EL_M01_E01_2000_M270_NPC0010_f,M01_E01_2000_M270_NPC0010_f,dialogue,冒険家……！\nということは、蛮族のテリトリーに入れるのですか？,مغامر……!\nهل يعني هذا أنه يستطيع دخول أراضي الهمج؟,Translated and verified.,"[""\\n""]"
EL_M01_E01_2000_M280_NPC0020_m,M01_E01_2000_M280_NPC0020_m,dialogue,はい、未知の土地の専門家です。,نعم، إنه خبير في الأراضي المجهولة.,Translated and verified.,[]
EL_M01_E01_2000_M290_NPC0020_m,M01_E01_2000_M290_NPC0020_m,dialogue,名をエリオットといいます。,اسمه إليوت.,Translated and verified.,[]
EL_M01_E01_2000_M300_NPC0030_m,M01_E01_2000_M300_NPC0030_m,dialogue,エリオット……？,إليوت……؟,Translated and verified.,[]
EL_M01_E01_2000_M330_NPC0020_m,M01_E01_2000_M330_NPC0020_m,dialogue,人物は保証します。\n少々変わったやつではありますが……,أنا أضمن كفاءته وأمانته.\nرغم أنه غريب الأطوار بعض الشيء……,Translated and verified.,"[""\\n""]"
EL_M01_E01_2000_M340_NPC0010_f,M01_E01_2000_M340_NPC0010_f,dialogue,ユイジーヌがそこまで言うのなら。\nいかがでしょう、お父様？,بما أن يوجين يثق به إلى هذا الحد.\nما رأيك يا أبي؟,Translated and verified.,"[""\\n""]"
EL_M01_E01_2000_M350_NPC0030_m,M01_E01_2000_M350_NPC0030_m,dialogue,わかった。\n余が直々に話をしてみよう。,حسنًا.\nسأتحدث إليه بنفسي.,Translated and verified.,"[""\\n""]"
EL_M01_E01_2000_M360_NPC0030_m,M01_E01_2000_M360_NPC0030_m,dialogue,冒険家エリオットを呼び出せ。,استدعوا المغامر إليوت.,Translated and verified.,[]
EL_M01_E01_3000_M010_NPC4349_m,M01_E01_3000_M010_NPC4349_m,dialogue,はあ……ろくなものが見つからねえ。\n金がいるっていうのに……,آخ…… لم أجد شيئًا ذا قيمة.\nمع أنني بحاجة ماسة للمال……,Translated and verified.,"[""\\n""]"
EL_M01_E01_3000_M020_PCM000_m,M01_E01_3000_M020_PCM000_m,dialogue,ははは。\n大きなため息だな、オリバー。,ههههه.\nتنهيدة عميقة يا أوليفر.,Translated and verified.,"[""\\n""]"
EL_M01_E01_3000_M030_NPC4349_m,M01_E01_3000_M030_NPC4349_m,dialogue,おお、エリオット！\nこの前は、朝までつきあわせて悪かったな。,أوه، إليوت!\nآسف لأنني سهرت معك حتى الصباح في المرة السابقة.,Translated and verified.,"[""\\n""]"
EL_M01_E01_3000_M040_PCM000_m,M01_E01_3000_M040_PCM000_m,dialogue,なに、いい話が聞けて楽しかったよ。\nまた飲もう。,لا عليك، لقد استمتعت بسماع قصصك الجميلة.\nفلنشرب معًا مجددًا.,Translated and verified.,"[""\\n""]"
EL_M01_E01_3000_M050_NPC4349_m,M01_E01_3000_M050_NPC4349_m,dialogue,もちろん！\n……と言いたいが、近頃、実入りが少なくてなあ。,بالتأكيد!\n……كنت أود قول ذلك، لكن دخلي شحيح هذه الأيام.,Translated and verified.,"[""\\n""]"
EL_M01_E01_3000_M070_PCM000_m,M01_E01_3000_M070_PCM000_m,dialogue,ため息で不幸を吐き出せば、次は幸運を吸い込めるさ。\n焦らずいこう。,إذا زفرت سوء الحظ مع التنهيدة، فستستنشق الحظ السعيد بعد ذلك.\nلا تستعجل الأمور.,Translated and verified.,"[""\\n""]"
EL_M01_E01_3000_M080_NPC4349_m,M01_E01_3000_M080_NPC4349_m,dialogue,ヘへ、ありがとよ。\nおかげで少し楽になったぜ。,ههه، شكرًا لك.\nلقد أرحت قلبي قليلًا بكلماتك.,Translated and verified.,"[""\\n""]"
EL_M01_E01_3000_M090_NPC4349_m,M01_E01_3000_M090_NPC4349_m,dialogue,お前も仕事で来たんだろ？,لقد جئت إلى هنا من أجل العمل أيضًا، أليس كذلك؟,Translated and verified.,[]
EL_M01_E01_3000_M100_PCM000_m,M01_E01_3000_M100_PCM000_m,dialogue,まあな。知り合いの爺さんが落とした\n大事な物を探しにきたんだ。,نوعًا ما. جئت لأبحث عن غرض ثمين\nفقده رجل مسن أعرفه.,Translated and verified.,"[""\\n""]"
EL_M01_E01_3000_M110_NPC4349_m,M01_E01_3000_M110_NPC4349_m,dialogue,おいおい、そんなちっぽけな仕事を受けてんのかよ？\nお前ほどの冒険家が、もったいねえ……,يا صاح، أتقبل بمثل هذه المهمة البسيطة؟\nإنه لأمر مؤسف لمغامر بمستواك……,Translated and verified.,"[""\\n""]"
EL_M01_E01_3000_M120_PCM000_m,M01_E01_3000_M120_PCM000_m,dialogue,その人は怪我をして\n探しにいけなくて困ってるんだ。,ذلك الرجل مصاب\nوهو في ورطة لأنه لا يستطيع البحث بنفسه.,Translated and verified.,"[""\\n""]"
EL_M01_E01_3000_M130_PCM000_m,M01_E01_3000_M130_PCM000_m,dialogue,こんなときこそ\n街の外を動き回れる俺たち冒険家の出番だろ。,في أوقات كهذه، يأتي دورنا نحن المغامرين\nالذين يمكنهم التنقل بحرية خارج المدينة.,Translated and verified.,"[""\\n""]"
EL_M01_E01_3000_M140_NPC4349_m,M01_E01_3000_M140_NPC4349_m,dialogue,そりゃあそうだけど、\n相変わらず真面目というか変わり者というか……,هذا صحيح، ولكنك كعادتك\nجاد للغاية أو ربما غريب أطوار……,Translated and verified.,"[""\\n""]"
EL_M01_E01_3000_M150_NPC4349_m,M01_E01_3000_M150_NPC4349_m,dialogue,まあ、そこがエリオットのいいところだな。\n死なない程度に頑張れよ。,حسنًا، هذا هو الجانب الجميل فيك يا إليوت.\nاحرص على ألا تموت وابذل قصارى جهدك.,Translated and verified.,"[""\\n""]"
EL_M01_E01_3000_M160_PCM000_m,M01_E01_3000_M160_PCM000_m,dialogue,そっちもな。,وأنت أيضًا.,Translated and verified.,[]
EL_M01_E01_3000_M170_PCM000_m,M01_E01_3000_M170_PCM000_m,dialogue,……さてと。アレを落としたのは\n浜辺のあたりだと言ってたな。,……حسنًا. لقد قال إنه فقد ذلك الغرض\nبالقرب من الشاطئ.,Translated and verified.,"[""\\n""]"
EL_M01_E01_3000_M180_PCM000_m,M01_E01_3000_M180_PCM000_m,dialogue,街に近いが魔物たちのテリトリーだ。\n用心して探そう。,إنه قريب من المدينة، لكنه يقع ضمن أراضي الوحوش.\nفلنبحث بحذر.,Translated and verified.,"[""\\n""]"
EL_M01_E02_1000_M010_PCM000_m,M01_E02_1000_M010_PCM000_m,dialogue,……あった！,……وجدته!,Translated and verified.,[]
EL_M01_E02_1000_M020_PCM000_m,M01_E02_1000_M020_PCM000_m,dialogue,よく手入れされた、いい櫛だな。,إنه مشط جيد، ويبدو أنه قد اعتُني به جيدًا.,Translated and verified.,[]
EL_M01_E02_1000_M031_PCM000_m,M01_E02_1000_M031_PCM000_m,dialogue,爺さんは孤児院の前で待っているはずだ。\nさっそく王国に戻って、届けよう。,من المفترض أن ينتظرنا الرجل المسن أمام دار الأيتام.\nفلنعد فورًا إلى المملكة ونسلمه إياه.,Translated and verified.,"[""\\n""]"
EL_M01_E03_1000_M020_NAL000_n,M01_E03_1000_M020_NAL000_n,dialogue,神話の時代が終わり、\n人間が歴史を刻み始めて幾星霜……,لقد انقضى عصر الأساطير،\nومرت سنوات طوال منذ بدأ البشر في كتابة التاريخ……,Translated and verified.,"[""\\n""]"
EL_M01_E03_1000_M030_NAL000_n,M01_E03_1000_M030_NAL000_n,dialogue,蛮族と呼ばれる異形のモノが割拠し、\n熾烈な縄張り争いを繰り返している。,حيث يسيطر الهمج ذوو الأشكال الغريبة على أراضٍ واسعة،\nويخوضون صراعات ضارية ومتكررة على النفوذ.,Translated and verified.,"[""\\n""]"
EL_M01_E03_1000_M050_NAL000_n,M01_E03_1000_M050_NAL000_n,dialogue,物語は、そんな時代のヒューザー王国から始まる。,تبدأ قصتنا في مملكة هيوزر خلال هذا العصر.,Translated and verified.,[]
EL_M01_E03_2000_M020_NPC4369_m,M01_E03_2000_M020_NPC4369_m,dialogue,院長先生、みんな！\n兄ちゃんが帰ってきたよ！,أيتها المديرة، الجميع!\nلقد عاد أخي!,Translated and verified.,"[""\\n""]"
EL_M01_E03_2000_M030_NPC4389_m,M01_E03_2000_M030_NPC4389_m,dialogue,ほんとだ！\nおかえり、あんちゃん！,هذا صحيح!\nأهلاً بعودتك يا أخي!,Translated and verified.,"[""\\n""]"
EL_M01_E03_2000_M040_NPC4379_f,M01_E03_2000_M040_NPC4379_f,dialogue,おにいちゃん、おかえりー！,أهلاً بعودتك يا أخي العزيز!,Translated and verified.,[]
EL_M01_E03_2000_M050_PCM000_m,M01_E03_2000_M050_PCM000_m,dialogue,ただいま。\nみんな元気にしてたか？,لقد عدت.\nهل كنتم جميعًا بخير؟,Translated and verified.,"[""\\n""]"
EL_M01_E03_2000_M060_NPC4389_m,M01_E03_2000_M060_NPC4389_m,dialogue,もちろん！,بالتأكيد!,Translated and verified.,[]
EL_M01_E03_2000_M070_NPC4379_f,M01_E03_2000_M070_NPC4379_f,dialogue,あのね、おじいちゃんが、\nいっぱい遊んでくれたんだよ！,أتعلم؟ لقد لعب معنا\nالجد كثيرًا!,Translated and verified.,"[""\\n""]"
EL_M01_E03_2000_M080_PCM000_m,M01_E03_2000_M080_PCM000_m,dialogue,ありがとうございます。\n怪我のほうは、大丈夫ですか？,شكرًا لك.\nكيف حال إصابتك، هل أنت بخير؟,Translated and verified.,"[""\\n""]"
EL_M01_E03_2000_M090_NPC4029_m,M01_E03_2000_M090_NPC4029_m,dialogue,はは、むしろ元気をわけてもらった。\n落ち込んでいた気持ちも、ずいぶん晴れたよ。,هههه، بل هم من منحوني الطاقة.\nوقد تبدد حزني كثيرًا بفضلهم.,Translated and verified.,"[""\\n""]"
EL_M01_E03_2000_M110_PCM000_m,M01_E03_2000_M110_PCM000_m,dialogue,ええ、見つかりました。,نعم، لقد وجدته.,Translated and verified.,[]
EL_M01_E03_2000_M120_NPC4029_m,M01_E03_2000_M120_NPC4029_m,dialogue,おお、良かった！,أوه، هذا رائع!,Translated and verified.,[]
EL_M01_E03_2000_M130_NPC4029_m,M01_E03_2000_M130_NPC4029_m,dialogue,これは命の次に大事な形見なんだ。\nありがとう！　ありがとう！,هذه تذكار ثمين جدًا بالنسبة لي، كحياتي تمامًا.\nشكرًا لك! شكرًا لك!,Translated and verified.,"[""\\n""]"
EL_M01_E03_2000_M150_PCM000_m,M01_E03_2000_M150_PCM000_m,dialogue,気にしないでください。\n仕事ですから。,لا داعي للشكر.\nهذا عملي.,Translated and verified.,"[""\\n""]"
EL_M01_E03_2000_M160_NPC4379_f,M01_E03_2000_M160_NPC4379_f,dialogue,そうだよ！\nキケンをのりこえるのが冒険家だもん！,هذا صحيح!\nفالمغامر هو من يتغلب على المخاطر!,Translated and verified.,"[""\\n""]"
EL_M01_E03_2000_M170_NPC4389_m,M01_E03_2000_M170_NPC4389_m,dialogue,そんで、受けた仕事はゼッタイやりとげるのが\nあんちゃんのホコリなんだ！,وإتمام المهمة التي يقبلها\nهو شرف أخي!,Translated and verified.,"[""\\n""]"
EL_M01_E03_2000_M180_PCM000_m,M01_E03_2000_M180_PCM000_m,dialogue,お、お前たち。\nそういうことを大声で言うなよ……,يا رفاق،\nلا تقولوا مثل هذه الأشياء بصوت عالٍ……,Translated and verified.,"[""\\n""]"
EL_M01_E03_2000_M190_NPC4379_f,M01_E03_2000_M190_NPC4379_f,dialogue,なんで？\nあたしたちには、そう教えてくれたじゃない？,لماذا؟\nألم تعلمنا أنت ذلك؟,Translated and verified.,"[""\\n""]"
EL_M01_E03_2000_M200_NPC4029_m,M01_E03_2000_M200_NPC4029_m,dialogue,うんうん、君たちのお兄さんは本当に立派な冒険家だ。\nおかげで助かったよ。,أجل أجل، أخوكم مغامر عظيم حقًا.\nلقد أنقذني بفضله.,Translated and verified.,"[""\\n""]"
EL_M01_E03_2000_M210_NPC0240_f,M01_E03_2000_M210_NPC0240_f,dialogue,ははは！\n冒険家エリオットのいい宣伝になったねえ。,ههههه!\nلقد كانت هذه دعاية جيدة للمغامر إليوت.,Translated and verified.,"[""\\n""]"
EL_M01_E03_2000_M220_PCM000_m,M01_E03_2000_M220_PCM000_m,dialogue,別に宣伝するつもりはありませんよ、レイカ姉さん。,لم أكن أنوي الدعاية لنفسي يا أختي رايكا.,Translated and verified.,[]
EL_M01_E03_2000_M230_NPC0240_f,M01_E03_2000_M230_NPC0240_f,dialogue,いいじゃないか。\nお爺さんも喜んでくれたし。,لا بأس في ذلك.\nالمهم أن الجد مسرور الآن.,Translated and verified.,"[""\\n""]"
EL_M01_E03_2000_M240_NPC4369_m,M01_E03_2000_M240_NPC4369_m,dialogue,でも、儲からない仕事だったよね……,لكنها كانت مهمة غير مربحة، أليس كذلك؟……,Translated and verified.,[]
EL_M01_E03_2000_M250_PCM000_m,M01_E03_2000_M250_PCM000_m,dialogue,あの人は、薬草を採ってみんなに配っているんだ。\nそういう人から大金は取れないさ。,إنه يجمع الأعشاب الطبية ويوزعها على الجميع.\nولا يمكنني أخذ مبالغ طائلة من شخص كهذا.,Translated and verified.,"[""\\n""]"
EL_M01_E03_2000_M260_NPC4369_m,M01_E03_2000_M260_NPC4369_m,dialogue,わかってるけど……\nウチの孤児院だって余裕はないでしょ……？,أعرف ذلك، ولكن……\nدار الأيتام الخاصة بنا ليست في وضع ميسور أيضًا، أليس كذلك؟……,Translated and verified.,"[""\\n""]"
EL_M01_E03_2000_M270_NPC0240_f,M01_E03_2000_M270_NPC0240_f,dialogue,う……あんたも\nそういうことがわかる年になったんだね……,أوه…… لقد كبرت لدرجة\nتجعلك تفهم هذه الأمور الآن……,Translated and verified.,"[""\\n""]"
EL_M01_E03_2000_M280_NPC4389_m,M01_E03_2000_M280_NPC4389_m,dialogue,お金がないってこと！？,هل هذا يعني أننا لا نملك المال؟!,Translated and verified.,[]
EL_M01_E03_2000_M290_NPC4379_f,M01_E03_2000_M290_NPC4379_f,dialogue,あたしが、たくさん食べるせいかな……？,هل هذا لأنني آكل كثيرًا؟……,Translated and verified.,[]
EL_M01_E03_2000_M300_PCM000_m,M01_E03_2000_M300_PCM000_m,dialogue,ははは、心配いらないよ。\nお金のことは兄ちゃんに任せて、いっぱい食べな。,ههههه، لا داعي للقلق.\nاتركوا أمر المال لي، وكلوا حتى تشبعوا.,Translated and verified.,"[""\\n""]"
EL_M01_E03_2000_M310_NPC4379_f,M01_E03_2000_M310_NPC4379_f,dialogue,うん！　いっぱい食べるのは得意だよ！,أجل! أنا بارعة في الأكل كثيرًا!,Translated and verified.,[]
EL_M01_E03_2000_M320_NPC4389_m,M01_E03_2000_M320_NPC4389_m,dialogue,俺は心配なんてしてないよ！\nあんちゃんは王国一の冒険家だから！,أنا لست قلقًا على الإطلاق!\nلأن أخي هو المغامر الأول في المملكة!,Translated and verified.,"[""\\n""]"
EL_M01_E03_2000_M330_NPC4379_f,M01_E03_2000_M330_NPC4379_f,dialogue,ちーがーう！\nやさしくてかっこいい世界一の冒険家、だよ！,هذا غير صحيح!\nبل هو ألطف وأروع مغامر في العالم!,Translated and verified.,"[""\\n""]"
EL_M01_E03_2000_M340_NPC4389_m,M01_E03_2000_M340_NPC4389_m,dialogue,俺だってそう思ってるよ！,وأنا أظن ذلك أيضًا!,Translated and verified.,[]
EL_M01_E03_2000_M350_NPC4379_f,M01_E03_2000_M350_NPC4379_f,dialogue,あたしのほうが、もおーっと思ってる！,بل أنا أظن ذلك أكثر بكثير!,Translated and verified.,[]
EL_M01_E03_2000_M360_NPC0240_f,M01_E03_2000_M360_NPC0240_f,dialogue,こらこら！　ケンカするんじゃないよ！,يا أطفال! لا تتشاجروا!,Translated and verified.,[]
EL_M01_E03_2000_M370_NPC4369_m,M01_E03_2000_M370_NPC4369_m,dialogue,……兄ちゃん。\n僕たちは誰よりも兄ちゃんを信じてるよ。,……يا أخي.\nنحن نثق بك أكثر من أي شخص آخر.,Translated and verified.,"[""\\n""]"
EL_M01_E03_2000_M380_NPC4369_m,M01_E03_2000_M380_NPC4369_m,dialogue,だけど、無理はしないでね。,لكن لا ترهق نفسك كثيرًا.,Translated and verified.,[]
EL_M01_E03_2000_M390_PCM000_m,M01_E03_2000_M390_PCM000_m,dialogue,ありがとな。,شكرًا لكم.,Translated and verified.,[]
EL_M01_E03_2000_M400_PCM000_m,M01_E03_2000_M400_PCM000_m,dialogue,……けど、あらたまって言われると、\nちょっと照れるな。,……ولكن، سماع هذا منكم فجأة\nيشعرني بالخجل قليلاً.,Translated and verified.,"[""\\n""]"
EL_M01_E03_2000_M410_NPC4310_00_m,M01_E03_2000_M410_NPC4310_00_m,dialogue,お前が冒険家のエリオットだな？\nヒカルド陛下がお呼びだ。,أنت المغامر إليوت، أليس كذلك؟\nجلالة الملك هيكاردو يستدعيك.,Translated and verified.,"[""\\n""]"
EL_M01_E03_2000_M420_PCM000_m,M01_E03_2000_M420_PCM000_m,dialogue,王様が俺を……？\nどういったご用件でしょうか？,الملك يستدعيني……؟\nما هو الأمر يا ترى؟,Translated and verified.,"[""\\n""]"
EL_M01_E03_2000_M430_NPC4310_00_m,M01_E03_2000_M430_NPC4310_00_m,dialogue,それは、王が直々にお話しになる。\nともかく城に向かえ。,سيخبرك الملك بذلك بنفسه.\nعلى أي حال، توجه إلى القلعة فورًا.,Translated and verified.,"[""\\n""]"
EL_M01_E03_2000_M440_PCM000_m,M01_E03_2000_M440_PCM000_m,dialogue,……わかりました。,……حسنًا، فهمت.,Translated and verified.,[]
EL_M01_E04_1000,M01_E04_1000,dialogue,主人公、「A4扉の遺跡」を調査するように命じられる。,يُكلف البطل باستكشاف «أطلال الباب A4».,Translated and verified.,[]
EL_M01_E04_1000_M010_PCM000_m,M01_E04_1000_M010_PCM000_m,dialogue,エリオット、参上しました。\n初めてお目にかかります、ヒカルド陛下。,أنا إليوت، لقد شُرفت بالحضور.\nيسعدني لقاؤك للمرة الأولى، جلالة الملك هيكاردو.,Translated and verified.,"[""\\n""]"
EL_M01_E04_1000_M030_NPC0030_m,M01_E04_1000_M030_NPC0030_m,dialogue,……うむ。,……حسنًا.,Translated and verified.,[]
EL_M01_E04_1000_M040_NPC0030_m,M01_E04_1000_M040_NPC0030_m,dialogue,呼び出したのは他でもない。\n蛮族のテリトリーで新たな遺跡が見つかった。,لم أستدعِك إلا لأمر هام.\nلقد عُثر على أطلال جديدة في أراضي الهمج.,Translated and verified.,"[""\\n""]"
EL_M01_E04_1000_M050_NPC0030_m,M01_E04_1000_M050_NPC0030_m,dialogue,未知の魔法知識が眠っている可能性がある。\n専門家のそなたに詳しく調べてもらいたいのだ。,ومن المحتمل أن تكون هناك معرفة سحرية مجهولة نائمة هناك.\nوبصفتك خبيرًا، أود منك استكشافها بالتفصيل.,Translated and verified.,"[""\\n""]"
EL_M01_E04_1000_M060_PCM000_m,M01_E04_1000_M060_PCM000_m,dialogue,はっ。\nご命令とあらば。,تحت أمرك.\nسأنفذ ما تطلبه.,Translated and verified.,"[""\\n""]"
EL_M01_E04_1000_M070_NPC0030_m,M01_E04_1000_M070_NPC0030_m,dialogue,……余は、むやみに力を求めているわけではない。,……أنا لا أسعى وراء القوة بلا طائل.,Translated and verified.,[]
EL_M01_E04_1000_M080_NPC0030_m,M01_E04_1000_M080_NPC0030_m,dialogue,たった一人で王国を加護している\nヒューリアの負担を減らしたいと願ってのことなのだ。,بل أرغب فقط في تخفيف العبء عن كاهل هيوريا\nالتي تحمي المملكة بمفردها.,Translated and verified.,"[""\\n""]"
EL_M01_E04_1000_M090_PCM000_m,M01_E04_1000_M090_PCM000_m,dialogue,陛下の思い、たしかに承りました。\n全力で調査にあたります。,لقد فهمت نيتك النبيلة يا جلالة الملك.\nسأبذل قصارى جهدي في هذا الاستكشاف.,Translated and verified.,"[""\\n""]"
EL_M01_E04_1000_M100_NPC0040_m,M01_E04_1000_M100_NPC0040_m,dialogue,受けた以上、失敗は許さんぞ。,بما أنك قبلت المهمة، فلن نتهاون مع الفشل.,Translated and verified.,[]
EL_M01_E04_1000_M120_PCM000_m,M01_E04_1000_M120_PCM000_m,dialogue,お気遣い感謝いたします、ヒューリア様。,أنا ممتن لقلقكِ عليّ، يا سمو الأميرة هيوريا.,Translated and verified.,[]
EL_M01_E04_1000_M130_PCM000_m,M01_E04_1000_M130_PCM000_m,dialogue,でも、ご安心ください。\n困難を乗り越えるのが冒険家ですから。,لكن يرجى ألا تقلقي.\nفالمغامرون معتادون على تخطي الصعاب.,Translated and verified.,"[""\\n""]"
EL_M01_E04_1000_M140_NPC0040_m,M01_E04_1000_M140_NPC0040_m,dialogue,ふん、大した自信だな。,همف، ثقة مفرطة بلا شك.,Translated and verified.,[]
EL_M01_E04_1000_M150_PCM000_m,M01_E04_1000_M150_PCM000_m,dialogue,とんでもありません。\nただ俺は……,أبدًا، ليس كذلك.\nولكنني فقط……,Translated and verified.,"[""\\n""]"
EL_M01_E04_1000_M160_PCM000_m,M01_E04_1000_M160_PCM000_m,dialogue,俺を世界一の冒険家と信じてくれる\n家族の信頼に応えたいのです。,أود أن أكون عند حسن ظن عائلتي\nالتي تؤمن بأنني أفضل مغامر في العالم.,Translated and verified.,"[""\\n""]"
EL_M01_E04_1000_M170_NPC0010_f,M01_E04_1000_M170_NPC0010_f,dialogue,まあ、そんな家族がいるのですか？,ياه، هل لديك عائلة كهذه؟,Translated and verified.,[]
EL_M01_E04_1000_M180_PCM000_m,M01_E04_1000_M180_PCM000_m,dialogue,はい、俺が育った孤児院の子どもたちです。,نعم، إنهم أطفال دار الأيتام التي نشأت فيها.,Translated and verified.,[]
EL_M01_E04_1000_M190_NPC0010_f,M01_E04_1000_M190_NPC0010_f,dialogue,あなたは、その子たちのために\n命を懸けて冒険をしているのですね。,إذن، أنت تخاطر بحياتك في هذه المغامرات\nمن أجل أولئك الأطفال.,Translated and verified.,"[""\\n""]"
EL_M01_E04_1000_M200_PCM000_m,M01_E04_1000_M200_PCM000_m,dialogue,よく変わり者と言われます。,غالبًا ما يصفني الناس بغريب الأطوار.,Translated and verified.,[]
EL_M01_E04_1000_M210_NPC0010_f,M01_E04_1000_M210_NPC0010_f,dialogue,……わかりました。\n私も協力いたしましょう。,……فهمت.\nسأقدم لك المساعدة أيضًا.,Translated and verified.,"[""\\n""]"
EL_M01_E04_1000_M220_PCM000_m,M01_E04_1000_M220_PCM000_m,dialogue,ヒューリア様……？,سمو الأميرة هيوريا……؟,Translated and verified.,[]
EL_M01_E04_1000_M240_NPC0010_f,M01_E04_1000_M240_NPC0010_f,dialogue,『希望は、いつも“そこ”にある』,『الأمل موجود دائمًا هناك』,Translated and verified.,[]
EL_M01_E04_1000_M250_PCM000_m,M01_E04_1000_M250_PCM000_m,dialogue,希望は、いつも“そこ”に……,الأمل موجود دائمًا هناك……,Translated and verified.,[]
EL_M01_E04_1000_M260_NPC0010_f,M01_E04_1000_M260_NPC0010_f,dialogue,どうかご無事で。,رافقتك السلامة.,Translated and verified.,[]
EL_M01_E04_1000_M270_NPC0030_m,M01_E04_1000_M270_NPC0030_m,dialogue,頼んだぞ、エリオット。\n王国のため、この特命を果たしてくれ。,نحن نعتمد عليك يا إليوت.\nأنجز هذه المهمة الخاصة من أجل المملكة.,Translated and verified.,"[""\\n""]"
EL_M01_E04_1000_M280_PCM000_m,M01_E04_1000_M280_PCM000_m,dialogue,はっ！,حاضر!,Translated and verified.,[]
EL_M01_E04_2000,M01_E04_2000,dialogue,学者から経緯の説明を受ける\n姫のサポートを確認する,تلقي شرح للملابسات من العالم\nوتأكيد دعم الأميرة,Translated and verified.,"[""\\n""]"
EL_M01_E04_2000_M010_PCM000_m,M01_E04_2000_M010_PCM000_m,dialogue,……なるほど。\nお前が俺を推薦したのか。,……أرى ذلك.\nإذن أنت من رشحني.,Translated and verified.,"[""\\n""]"
EL_M01_E04_2000_M020_NPC0020_m,M01_E04_2000_M020_NPC0020_m,dialogue,そういうわけだ。\nすまないが、調査を頼むよ。,هذا صحيح.\nآسف لتوريطك، لكني أعتمد عليك في هذا الاستكشاف.,Translated and verified.,"[""\\n""]"
EL_M01_E04_2000_M030_PCM000_m,M01_E04_2000_M030_PCM000_m,dialogue,わかった、わかった。\nなんとかするさ。,حسنًا، حسنًا.\nسأتدبر الأمر بطريقة ما.,Translated and verified.,"[""\\n""]"
EL_M01_E04_2000_M040_NPC4379_f,M01_E04_2000_M040_NPC4379_f,dialogue,すごいね、おにいちゃん。\n王様からお仕事をたのまれるなんて！,هذا رائع يا أخي!\nأن يطلب منك الملك القيام بمهمة!,Translated and verified.,"[""\\n""]"
EL_M01_E04_2000_M050_NPC4369_m,M01_E04_2000_M050_NPC4369_m,dialogue,もしかして\n大変な仕事なんじゃないの？,أليست هذه\nمهمة شاقة للغاية؟,Translated and verified.,"[""\\n""]"
EL_M01_E04_2000_M060_PCM000_m,M01_E04_2000_M060_PCM000_m,dialogue,大丈夫、いつもと変わらないさ。\nそれよりも、いいか――,لا تقلق، إنها كغيرها من المهمات.\nولكن الأهم من ذلك، استمعوا إلي――,Translated and verified.,"[""\\n""]"
EL_M01_E04_2000_M070_NPC4369_m,M01_E04_2000_M070_NPC4369_m,dialogue,心配しないで。\nいつもどおり、みんなで力をあわせるから。,لا تقلق علينا.\nسنتعاون معًا كالمعتاد.,Translated and verified.,"[""\\n""]"
EL_M01_E04_2000_M080_NPC4389_m,M01_E04_2000_M080_NPC4389_m,dialogue,あと、ケンカはしない！\n『ありがとう』と『ごめんなさい』をしっかりと！,وأيضًا، لن نتشاجر!\nوسنقول «شكرًا» و«عذرًا» بوضوح!,Translated and verified.,"[""\\n""]"
EL_M01_E04_2000_M090_NPC4379_f,M01_E04_2000_M090_NPC4379_f,dialogue,あとあと！\n院長センセイのいうことを、ちゃんときく！,وأيضًا وأيضًا!\nسنستمع لكلام المديرة جيدًا!,Translated and verified.,"[""\\n""]"
EL_M01_E04_2000_M100_PCM000_m,M01_E04_2000_M100_PCM000_m,dialogue,ははは、それでいい。\n頼みますよ、レイカ姉さん。,ههههه، هذا ممتاز.\nأوكل الأمر إليكِ يا أختي رايكا.,Translated and verified.,"[""\\n""]"
EL_M01_E04_2000_M110_NPC0240_f,M01_E04_2000_M110_NPC0240_f,dialogue,任された。\n旅の無事を祈ってるよ。,اعتمد عليّ.\nأتمنى لك رحلة آمنة.,Translated and verified.,"[""\\n""]"
EL_M01_E04_2000_M111_NPC0020_m,M01_E04_2000_M111_NPC0020_m,dialogue,そうだ、これを君に渡しておくよ。,آه صحيح، خذ هذا معك.,Translated and verified.,[]
EL_M01_E04_2000_M112_NPC0020_m,M01_E04_2000_M112_NPC0020_m,dialogue,遺跡が発見されたときに、\n一緒に回収したんだ。,لقد استعدناه مع بقية المكتشفات\nعندما عثرنا على الأطلال.,Translated and verified.,"[""\\n""]"
EL_M01_E04_2000_M113_NPC0020_m,M01_E04_2000_M113_NPC0020_m,dialogue,調べたところ、大陸の各地にある\n『冒険の道しるべ』と関わりがある物らしい。,بعد فحصه، تبدو له علاقة ما\nبـ «علامات الطريق للمغامرة» المنتشرة في أرجاء القارة.,Translated and verified.,"[""\\n""]"
EL_M01_E04_2000_M114_NPC0020_m,M01_E04_2000_M114_NPC0020_m,dialogue,うまく使えば、冒険の役に立つかもしれない。\n旅のお守り代わりに、持っていってくれよ。,إذا أحسنت استخدامه، فقد يفيدك في مغامرتك.\nخذه معك كتميمة لحمايتك في ترحالك.,Translated and verified.,"[""\\n""]"
EL_M01_E04_2000_M115_PCM000_m,M01_E04_2000_M115_PCM000_m,dialogue,そう言って、こいつを試して\nどんな物か調べてほしいってとこだろう？,تقول هذا لأنك تريد مني تجربته\nومعرفة ماهيته، أليس كذلك؟,Translated and verified.,"[""\\n""]"
EL_M01_E04_2000_M116_PCM000_m,M01_E04_2000_M116_PCM000_m,dialogue,相変わらず、学者として抜け目がないな。\nユイジーヌ。,كعادتك دائمًا، لا تفوتك شاردة ولا واردة كعالم.\nيا يوجين.,Translated and verified.,"[""\\n""]"
EL_M01_E04_2000_M117_NPC0020_m,M01_E04_2000_M117_NPC0020_m,dialogue,ははっ、お守り代わりって気持ちは本当さ。\n頼んだよ、優秀な冒険家さん！,هههه، نيتي في إهدائه لك كتميمة صادقة تمامًا.\nأنا أعتمد عليك يا مغامرنا العظيم!,Translated and verified.,"[""\\n""]"
EL_M01_E04_2000_M118_PCM000_m,M01_E04_2000_M118_PCM000_m,dialogue,よし、それじゃ行くとするか。,حسنًا، حان وقت الانطلاق.,Translated and verified.,[]
EL_M01_E04_2000_M120_NPC4369_m,M01_E04_2000_M120_NPC4369_m,dialogue,いってらっしゃい。,رافقتك السلامة.,Translated and verified.,[]
EL_M01_E04_2000_M130_NPC4389_m,M01_E04_2000_M130_NPC4389_m,dialogue,がんばってね、あんちゃん！,بالتأكيد يا أخي!,Translated and verified.,[]
EL_M01_E04_2000_M140_NPC4379_f,M01_E04_2000_M140_NPC4379_f,dialogue,いい子にしてまってるから、\nはやくかえってきてね！,سنكون مطيعين في غيابك،\nلذا عد إلينا سريعًا!,Translated and verified.,"[""\\n""]"
EL_M01_E04_2000_M141_PCM000_m,M01_E04_2000_M141_PCM000_m,dialogue,ああ、面白い土産話を聞かせるから、\n楽しみにしていてくれ。,أجل، سأحكي لكم قصصًا ممتعة عن رحلتي عند عودتي،\nلذا تطلعوا لذلك.,Translated and verified.,"[""\\n""]"
EL_M01_E04_2000_M150_NPC0010_f,M01_E04_2000_M150_NPC0010_f,dialogue,今の子たちが、あなたの家族ですか？\nみんな、とてもしっかりしていますね。,هل هؤلاء الأطفال هم عائلتك؟\nيبدون ناضجين ومطيعين للغاية.,Translated and verified.,"[""\\n""]"
EL_M01_E04_2000_M160_PCM000_m,M01_E04_2000_M160_PCM000_m,dialogue,うわっ！？\nイヤリングから声が――？,واو!؟\nصوت يخرج من القرط――؟,Translated and verified.,"[""\\n""]"
EL_M01_E04_2000_M170_NPC0010_f,M01_E04_2000_M170_NPC0010_f,dialogue,驚かせてしまってごめんなさい。\n見送りの邪魔をしたらいけないと思って。,آسفة لأنني أخفتك.\nأردت ألا أفسد لحظة وداع عائلتك لك.,Translated and verified.,"[""\\n""]"
EL_M01_E04_2000_M180_PCM000_m,M01_E04_2000_M180_PCM000_m,dialogue,この声は……ヒューリア様！？,هذا الصوت…… سمو الأميرة هيوريا!؟,Translated and verified.,[]
EL_M01_E04_2000_M190_NPC0010_f,M01_E04_2000_M190_NPC0010_f,dialogue,はい。先ほど、あなたのイヤリングに\n魔法をかけさせていただきました。,نعم. لقد ألقيت تعويذة سحرية\nعلى قرطك منذ قليل.,Translated and verified.,"[""\\n""]"
EL_M01_E04_2000_M210_PCM000_m,M01_E04_2000_M210_PCM000_m,dialogue,ヒューリア様が俺のサポートをすると！？,أتقولين إن سموكِ ستقدمين الدعم لي!؟,Translated and verified.,[]
EL_M01_E04_2000_M220_NPC0010_f,M01_E04_2000_M220_NPC0010_f,dialogue,はい。\n素人ですが、一生懸命がんばります！,نعم.\nرغم أنني مبتدئة، لكني سأبذل قصارى جهدي!,Translated and verified.,"[""\\n""]"
EL_M01_E04_2000_M230_PCM000_m,M01_E04_2000_M230_PCM000_m,dialogue,し、しかし……,لـ، لكن……,Translated and verified.,[]
EL_M01_E04_2000_M240_NPC0020_m,M01_E04_2000_M240_NPC0020_m,dialogue,ヒューリア様たってのお願いだ。\n聞いてあげてくれ。,هذا رجاء حار من سمو الأميرة.\nفلتلبِّ طلبها أرجوك.,Translated and verified.,"[""\\n""]"
EL_M01_E04_2000_M250_PCM000_m,M01_E04_2000_M250_PCM000_m,dialogue,……わかりました。\nでは、お願いいたします、ヒューリア様。,……حسنًا، فهمت.\nأنا تحت أمركِ يا سمو الأميرة هيوريا.,Translated and verified.,"[""\\n""]"
EL_M01_E04_2000_M260_NPC0010_f,M01_E04_2000_M260_NPC0010_f,dialogue,ありがとうございます、エリオット！,شكرًا لك يا إليوت!,Translated and verified.,[]
EL_M01_E04_2000_M270_PCM000_m,M01_E04_2000_M270_PCM000_m,dialogue,ただ、一つ申し上げておきます。\nこれから向かうのは、蛮族たちのテリトリー……,ولكن، يجب أن أنبهكِ إلى أمر ما.\nالمكان الذي نتوجه إليه هو أراضي الهمج……,Translated and verified.,"[""\\n""]"
EL_M01_E04_2000_M290_NPC0010_f,M01_E04_2000_M290_NPC0010_f,dialogue,もちろん気遣いなんて無用です！,بالتأكيد، لا داعي للقلق عليّ على الإطلاق!,Translated and verified.,[]
EL_M01_E04_2000_M310_PCM000_m,M01_E04_2000_M310_PCM000_m,dialogue,さすがに、それは……,ولكن مع ذلك……,Translated and verified.,[]
EL_M01_E04_2000_M330_PCM000_m,M01_E04_2000_M330_PCM000_m,dialogue,わかった。\n出発しよう、ヒューリア！,حسنًا.\nفلننطلق يا هيوريا!,Translated and verified.,"[""\\n""]"
EL_M01_E04_2000_M340_NPC0010_f,M01_E04_2000_M340_NPC0010_f,dialogue,はい！　参りましょう！,أجل! فلنذهب!,Translated and verified.,[]
EL_M01_E05_1000,M01_E05_1000,dialogue,扉の遺跡の入口にたどり着く\n誰かの墓を見つける（実はエリオットの父）,الوصول إلى مدخل أطلال الباب\nوالعثور على قبر شخص ما (وهو قبر والد إليوت في الحقيقة),Translated and verified.,"[""\\n""]"
EL_M01_E05_1000_M010_PCM000_m,M01_E05_1000_M010_PCM000_m,dialogue,ふう……あの木の下で一休みしよう。,ياه…… فلنسترح قليلاً تحت تلك الشجرة.,Translated and verified.,[]
EL_M01_E05_1000_M020_NPC0010_f,M01_E05_1000_M020_NPC0010_f,dialogue,はい。\nそれにしても、さすがですね。,حسنًا.\nولكن حقًا، إنك مذهل.,Translated and verified.,"[""\\n""]"
EL_M01_E05_1000_M030_NPC0010_f,M01_E05_1000_M030_NPC0010_f,dialogue,蛮族のテリトリーを、軽々と通り抜けるなんて。,أن تعبر أراضي الهمج بهذه السهولة واليسر.,Translated and verified.,[]
EL_M01_E05_1000_M040_PCM000_m,M01_E05_1000_M040_PCM000_m,dialogue,ヒューリアが一緒だからさ。\n君の魔法のおかげで安心して進める。,هذا لأنكِ معي يا هيوريا.\nفبفضل سحركِ، يمكننا التقدم بأمان واطمئنان.,Translated and verified.,"[""\\n""]"
EL_M01_E05_1000_M050_NPC0010_f,M01_E05_1000_M050_NPC0010_f,dialogue,そう言っていただけると嬉しいです！\nお役に立てて良かった……,يسعدني جدًا سماع ذلك منك!\nأنا مسرورة لأنني كنت مفيدة لك……,Translated and verified.,"[""\\n""]"
EL_M01_E05_1000_M060_NPC0010_f,M01_E05_1000_M060_NPC0010_f,dialogue,実は……ずっと外の世界に憧れていて\n一度でいいから冒険に出てみたいと思っていたんです。,في الحقيقة…… كنت أتوق دائمًا لرؤية العالم الخارجي،\nوتمنيت لو سنحت لي الفرصة لخوض مغامرة ولو لمرة واحدة.,Translated and verified.,"[""\\n""]"
EL_M01_E05_1000_M070_NPC0010_f,M01_E05_1000_M070_NPC0010_f,dialogue,だから、願いが叶って\nすごくドキドキしています……！,لذا، أنا متحمسة للغاية\nلأن أمنيتي قد تحققت أخيرًا……!,Translated and verified.,"[""\\n""]"
EL_M01_E05_1000_M080_PCM000_m,M01_E05_1000_M080_PCM000_m,dialogue,はは、俺も初めての冒険ではそうだったよ。\nヒューリアは冒険家に向いてるのかもな。,هههه، كنت أشعر بالشيء نفسه في مغامرتي الأولى.\nربما تكونين ملائمة لتصبحي مغامرة يا هيوريا.,Translated and verified.,"[""\\n""]"
EL_M01_E05_1000_M090_NPC0010_f,M01_E05_1000_M090_NPC0010_f,dialogue,大きな木ですね……,إنها شجرة ضخمة حقًا……,Translated and verified.,[]
EL_M01_E05_1000_M100_PCM000_m,M01_E05_1000_M100_PCM000_m,dialogue,エルダーツリーっていうんだ。\n言い伝えによると千年前からここにあるらしい。,تُدعى شجرة إيلدر.\nوتقول الأساطير إنها واقفة هنا منذ ألف عام.,Translated and verified.,"[""\\n""]"
EL_M01_E05_1000_M110_NPC0010_f,M01_E05_1000_M110_NPC0010_f,dialogue,千年も……！\nこの木はどんな歴史を見てきたのでしょうか……,ألف عام كاملة……!\nيا ترى ما هي الأحداث التاريخية التي شهدتها هذه الشجرة……,Translated and verified.,"[""\\n""]"
EL_M01_E05_1000_M130_NPC0010_f,M01_E05_1000_M130_NPC0010_f,dialogue,あら？,أوه؟,Translated and verified.,[]
EL_M01_E05_1000_M140_NPC0010_f,M01_E05_1000_M140_NPC0010_f,dialogue,お墓のようなものがあります。\nこんなところにどうして……？,هناك ما يشبه القبر.\nلماذا يوجد شيء كهذا في هذا المكان يا ترى……؟,Translated and verified.,"[""\\n""]"
EL_M01_E05_1000_M150_PCM000_m,M01_E05_1000_M150_PCM000_m,dialogue,ここは……\n赤ん坊だった俺が拾われた場所なんだ。,هذا المكان……\nهو حيث عُثر عليّ عندما كنت رضيعًا.,Translated and verified.,"[""\\n""]"
EL_M01_E05_1000_M160_NPC0010_f,M01_E05_1000_M160_NPC0010_f,dialogue,えっ！？,ماذا!؟,Translated and verified.,[]
EL_M01_E05_1000_M170_PCM000_m,M01_E05_1000_M170_PCM000_m,dialogue,……二十年前、俺はこの木の下で\nある冒険家に拾われて、孤児院にあずけられた。,……قبل عشرين عامًا، وجدني أحد المغامرين تحت هذه الشجرة،\nثم أودعني في دار الأيتام.,Translated and verified.,"[""\\n""]"
EL_M01_E05_1000_M180_PCM000_m,M01_E05_1000_M180_PCM000_m,dialogue,俺を抱きかかえた男は、すでに息絶えていて……\nこれは、その人の墓なんだ。,أما الرجل الذي كان يحتضنني فقد فارق الحياة بالفعل……\nوهذا القبر يعود إليه.,Translated and verified.,"[""\\n""]"
EL_M01_E05_1000_M190_NPC0010_f,M01_E05_1000_M190_NPC0010_f,dialogue,つまり……あなたのお父様……？,هل يعني هذا…… أنه كان والدك……؟,Translated and verified.,[]
EL_M01_E05_1000_M200_PCM000_m,M01_E05_1000_M200_PCM000_m,dialogue,さあ……\n身元の手がかりは、なにもなかったらしい。,لا أدري……\nيبدو أنه لم يكن هناك أي دليل يكشف عن هويته.,Translated and verified.,"[""\\n""]"
EL_M01_E05_1000_M210_PCM000_m,M01_E05_1000_M210_PCM000_m,dialogue,おかげで俺は、自分の本当の名前も\n生まれた日もしらない。,وبسبب ذلك، لا أعرف اسمي الحقيقي\nولا حتى تاريخ ميلادي.,Translated and verified.,"[""\\n""]"
EL_M01_E05_1000_M220_PCM000_m,M01_E05_1000_M220_PCM000_m,dialogue,エルダーツリーの下にいたからエリオット――\n俺の名は、その冒険家がつけたものだそうだ。,لقد أسماني المغامر «إليوت» لأنني كنت تحت شجرة إيلدر――\nهكذا قيل لي عن سر اسمي.,Translated and verified.,"[""\\n""]"
EL_M01_E05_1000_M230_NPC0010_f,M01_E05_1000_M230_NPC0010_f,dialogue,そう……だったのですね……,هكذا إذن…… كان الأمر……,Translated and verified.,[]
EL_M01_E05_1000_M240_PCM000_m,M01_E05_1000_M240_PCM000_m,dialogue,なぜ赤ん坊をつれてこんな場所にいたのか……\nわからないけど、きっと事情があったんだ。,لماذا كان هنا برفقة رضيع في هذا المكان……\nلا أعلم السبب، لكن لا بد أنه كان لديه عذر قوي.,Translated and verified.,"[""\\n""]"
EL_M01_E05_1000_M250_PCM000_m,M01_E05_1000_M250_PCM000_m,dialogue,誰もが加護に守られた街の中だけで\n生きられるわけじゃない。,فليس كل شخص قادرًا على العيش\nداخل المدينة المحمية بالبركة فحسب.,Translated and verified.,"[""\\n""]"
EL_M01_E05_1000_M260_PCM000_m,M01_E05_1000_M260_PCM000_m,dialogue,危険を承知で蛮族のテリトリーに入る人間は、\nかなりいるんだよ。,وهناك الكثير من الناس الذين يدخلون أراضي الهمج\nوهم يدركون حجم المخاطر تمامًا.,Translated and verified.,"[""\\n""]"
EL_M01_E05_1000_M270_NPC0010_f,M01_E05_1000_M270_NPC0010_f,dialogue,その結果、命を落とすことも……,وقد يفقدون حياتهم نتيجة لذلك……,Translated and verified.,[]
EL_M01_E05_1000_M280_NPC0010_f,M01_E05_1000_M280_NPC0010_f,dialogue,あの……ひょっとして、\nあなたが面倒を見ている子どもたちは……？,عذرًا…… هل يعني هذا أن الأطفال\nالذين ترعاهم هم أيضًا……؟,Translated and verified.,"[""\\n""]"
EL_M01_E05_1000_M290_PCM000_m,M01_E05_1000_M290_PCM000_m,dialogue,ああ、みんな街の外で親兄弟を亡くしている。,أجل، الجميع فقدوا آباءهم وإخوانهم خارج أسوار المدينة.,Translated and verified.,[]
EL_M01_E05_1000_M300_NPC0010_f,M01_E05_1000_M300_NPC0010_f,dialogue,それが……外の世界の現実なのですね。,إذن…… هذه هي حقيقة العالم الخارجي.,Translated and verified.,[]
EL_M01_E05_1000_M310_NPC0010_f,M01_E05_1000_M310_NPC0010_f,dialogue,ごめんなさい。\n私の加護の力がもっと強かったら……,أنا آسفة للغاية.\nلو كانت قوة بركتي أقوى من هذا……,Translated and verified.,"[""\\n""]"
EL_M01_E05_1000_M320_PCM000_m,M01_E05_1000_M320_PCM000_m,dialogue,ヒューリアの加護には、大勢の人が救われてる。\nみんな感謝しているよ。,لقد أنقذت بركتكِ الكثير من الأرواح يا هيوريا.\nوالجميع ممتن لكِ بشدة.,Translated and verified.,"[""\\n""]"
EL_M01_E05_1000_M330_PCM000_m,M01_E05_1000_M330_PCM000_m,dialogue,ただ、それでも……\n理不尽で残酷なことは起こってしまうんだ。,ومع ذلك……\nفالأشياء القاسية وغير العادلة تستمر في الحدوث.,Translated and verified.,"[""\\n""]"
EL_M01_E05_1000_M340_PCM000_m,M01_E05_1000_M340_PCM000_m,dialogue,すべてを救うことは、たぶん誰にもできない……,وربما لا يستطيع أحد إنقاذ الجميع……,Translated and verified.,[]
EL_M01_E05_1000_M360_NPC0010_f,M01_E05_1000_M360_NPC0010_f,dialogue,わかりました。\nありがとう、エリオット。,فهمت.\nشكرًا لك يا إليوت.,Translated and verified.,"[""\\n""]"
EL_M01_E05_1000_M370_NPC0010_f,M01_E05_1000_M370_NPC0010_f,dialogue,あなたは、私や王国が救えなかった人々を\n助けてくれているのですね。,أنت تساعد أولئك الذين لم نتمكن\nأنا والمملكة من إنقاذهم.,Translated and verified.,"[""\\n""]"
EL_M01_E05_1000_M380_PCM000_m,M01_E05_1000_M380_PCM000_m,dialogue,そんなにできた人間じゃないよ。\n生きていくため、冒険家になるしかなかった。,لست شخصًا نبيلاً إلى هذا حد.\nبل لم يكن أمامي خيار سوى أن أصبح مغامرًا لأعيش.,Translated and verified.,"[""\\n""]"
EL_M01_E05_1000_M390_PCM000_m,M01_E05_1000_M390_PCM000_m,dialogue,それでなんとか稼げるようになったから、\n勝手に子どもたちの面倒を見てる……それだけさ。,وبما أنني تمكنت من كسب بعض المال،\nبدأت برعاية الأطفال بمحض إرادتي…… هذا كل ما في الأمر.,Translated and verified.,"[""\\n""]"
EL_M01_E05_1000_M400_NPC0010_f,M01_E05_1000_M400_NPC0010_f,dialogue,ふふ、それだけなんですね。\nわかりました。,هههه، هذا كل ما في الأمر إذن.\nلقد فهمت.,Translated and verified.,"[""\\n""]"
EL_M01_E05_1000_M410_PCM000_m,M01_E05_1000_M410_PCM000_m,dialogue,……さあ、休憩はここまでだ。\n出発しよう！,……حسنًا، انتهى وقت الاستراحة.\nفلننطلق!,Translated and verified.,"[""\\n""]"
EL_M01_E05_1000_M420_NPC0010_f,M01_E05_1000_M420_NPC0010_f,dialogue,はい！　進みましょう！,أجل! فلنواصل مسيرنا!,Translated and verified.,[]
EL_M01_E06_1000_M010_PCM000_m,M01_E06_1000_M010_PCM000_m,dialogue,……ここが目的の遺跡か。,...إذًا هذه هي الأطلال المنشودة.,,[]
EL_M01_E06_1000_M020_NPC0010_f,M01_E06_1000_M020_NPC0010_f,dialogue,はい。\nでも、扉が閉まっていますね。,أجل.\nولكن الباب مغلق.,,"[""\\n""]"
EL_M01_E06_1000_M030_PCM000_m,M01_E06_1000_M030_PCM000_m,dialogue,光る歯車の模様……\n初めて見る様式だな。,نقش ترس مضيء...\nهذا طراز لم أره من قبل.,,"[""\\n""]"
EL_M01_E06_1000_M040_PCM000_m,M01_E06_1000_M040_PCM000_m,dialogue,開かないか。\nこういう場合は、大抵、近くに仕掛けがあるんだ。,لا يفتح؟\nفي مثل هذه الحالات، عادةً ما توجد آلية تشغيل في الجوار.,,"[""\\n""]"
EL_M01_E06_1000_M050_NPC0010_f,M01_E06_1000_M050_NPC0010_f,dialogue,なるほど……\n周囲を調べてみましょう。,فهمت...\nدعنا نتفقد المنطقة المحيطة.,,"[""\\n""]"
EL_M01_E07_1000,M01_E07_1000,dialogue,最奥でよくわからない扉を見つける\n姫から仲間の危機を伝えられ「A4鍵の遺跡」へ向かう,العثور على باب غامض في أعمق نقطة\nإبلاغ الأميرة له بخطر يهدد رفاقه، والتوجه إلى «أطلال المفتاح A4»,,"[""\\n""]"
EL_M01_E07_1000_M010_NPC0010_f,M01_E07_1000_M010_NPC0010_f,dialogue,これは……なんなのでしょう？,ما هذا... يا ترى؟,,[]
EL_M01_E07_1000_M020_PCM000_m,M01_E07_1000_M020_PCM000_m,dialogue,わからない……\nこんな物、俺も見たことがない。,لا أدري...\nحتى أنا لم أرَ شيئًا كهذا من قبل.,,"[""\\n""]"
EL_M01_E07_1000_M030_NPC0010_f,M01_E07_1000_M030_NPC0010_f,dialogue,ここが一番奥みたいですし、\n古代の魔法に関わりがある物なのかも……,يبدو أن هذا هو المكان الأعمق،\nربما يكون لهذا الشيء علاقة بالسحر القديم...,,"[""\\n""]"
EL_M01_E07_1000_M050_NPC0010_f,M01_E07_1000_M050_NPC0010_f,dialogue,エリオット？,إليوت؟,,[]
EL_M01_E07_1000_M060_PCM000_m,M01_E07_1000_M060_PCM000_m,dialogue,これ……\n大きな扉のように見えないか？,هذا الشيء...\nألا يبدو كأنه باب كبير؟,,"[""\\n""]"
EL_M01_E07_1000_M070_NPC0010_f,M01_E07_1000_M070_NPC0010_f,dialogue,ほんとう！\nつまり、開くということでしょうか？,هذا صحيح!\nهل يعني هذا أنه يمكن فتحه؟,,"[""\\n""]"
EL_M01_E07_1000_M080_PCM000_m,M01_E07_1000_M080_PCM000_m,dialogue,いや、あくまで直感だが……,لا، إنها مجرد حدس فحسب...,,[]
EL_M01_E07_1000_M090_NPC0010_f,M01_E07_1000_M090_NPC0010_f,dialogue,えっ、何事ですか……？,ماذا؟ ما الذي يحدث...؟,,[]
EL_M01_E07_1000_M100_PCM000_m,M01_E07_1000_M100_PCM000_m,dialogue,ヒューリア？,هيوريا؟,,[]
EL_M01_E07_1000_M110_NPC0010_f,M01_E07_1000_M110_NPC0010_f,dialogue,失礼しました。\n兵士から報告がありまして……,المعذرة.\nلقد تلقيتُ تقريرًا من الجنود...,,"[""\\n""]"
EL_M01_E07_1000_M120_NPC0010_f,M01_E07_1000_M120_NPC0010_f,dialogue,冒険家の一団が魔物に襲われて\n逃げ帰ってきたそうです。,يُقال إن مجموعة من المغامرين تعرضوا لهجوم من وحوش\nوفرّوا عائدين.,,"[""\\n""]"
EL_M01_E07_1000_M130_NPC0010_f,M01_E07_1000_M130_NPC0010_f,dialogue,取り残された者がいるらしいのですが、\n救助に向かうには時間がかかると……,يبدو أن هناك من تُرك خلفهم،\nولكن يُقال إن إرسال فريق إنقاذ سيستغرق وقتًا...,,"[""\\n""]"
EL_M01_E07_1000_M150_PCM000_m,M01_E07_1000_M150_PCM000_m,dialogue,場所は？,أين المكان؟,,[]
EL_M01_E07_1000_M160_NPC0010_f,M01_E07_1000_M160_NPC0010_f,dialogue,街の北の森にある霧の遺跡だそうです。\n正式な調査が行われていない未知の遺跡ですが……,يُقال إنها أطلال الضباب الواقعة في الغابة شمال المدينة.\nوهي أطلال مجهولة لم تخضع لدراسة رسمية بعد...,,"[""\\n""]"
EL_M01_E07_1000_M180_PCM000_m,M01_E07_1000_M180_PCM000_m,dialogue,孤児だった俺が、こうして生きているのは\n近くにいた誰かが助けてくれたおかげなんだ。,إن بقائي حيًا هكذا، وأنا الذي نشأتُ يتيمًا،\nيعود لفضل شخص ما كان قريبًا ومد لي يد العون.,,"[""\\n""]"
EL_M01_E07_1000_M190_PCM000_m,M01_E07_1000_M190_PCM000_m,dialogue,だから俺は……助けを求めている人がいるなら、\nあきらめたくない！,لهذا السبب... إن كان هناك من يطلب المساعدة،\nفأنا لا أريد الاستسلام!,,"[""\\n""]"
EL_M01_E07_1000_M200_NPC0010_f,M01_E07_1000_M200_NPC0010_f,dialogue,それがあなたという人なのですね……,هذا هو طبعك النبيل إذن...,,[]
EL_M01_E07_1000_M210_NPC0010_f,M01_E07_1000_M210_NPC0010_f,dialogue,私もあきらめたくありません！\n霧の遺跡に急ぎましょう！,وأنا أيضًا لا أريد الاستسلام!\nفلنسرع إلى أطلال الضباب!,,"[""\\n""]"
EL_M01_E07_1000_M220_PCM000_m,M01_E07_1000_M220_PCM000_m,dialogue,……ありがとう。\n君がパートナーで良かった。,...شكرًا لكِ.\nأنا سعيد لأنكِ شريكتي.,,"[""\\n""]"
EL_M01_E07_1000_M230_NPC0010_f,M01_E07_1000_M230_NPC0010_f,dialogue,こちらこそ。,الشرف لي.,,[]
EL_M01_E07_1100_M010_PCM000_m,M01_E07_1100_M010_PCM000_m,dialogue,この先は、何が起こるかわからない。\n街で準備は済ませておくか。,لا ندري ما الذي قد يحدث لاحقًا.\nهل ننهي استعداداتنا في المدينة أولًا؟,,"[""\\n""]"
EL_M01_E07_1100_M030_PCM000_m,M01_E07_1100_M030_PCM000_m,dialogue,うわっ！？,واااه!؟,,[]
EL_M01_E07_1100_M040_NPC0010_f,M01_E07_1100_M040_NPC0010_f,dialogue,大丈夫ですか、エリオット！,هل أنت بخير يا إليوت؟,,[]
EL_M01_E07_1100_M050_PCM000_m,M01_E07_1100_M050_PCM000_m,dialogue,ああ……だが、やられた……\nツールを袋ごと盗まれたようだ。,أجل... لكني وقعتُ في الفخ...\nيبدو أن حقيبة أدواتي قد سُرقت بالكامل.,,"[""\\n""]"
EL_M01_E07_1100_M070_PCM000_m,M01_E07_1100_M070_PCM000_m,dialogue,当然、追いかけるさ！,بالتأكيد سنلاحق السارق!,,[]
EL_M01_E07_2100_M010_NPC4229_m,M01_E07_2100_M010_NPC4229_m,dialogue,ん？　このお金は……？,همم؟ هذه النقود...,,[]
EL_M01_E07_2100_M020_NPC4229_m,M01_E07_2100_M020_NPC4229_m,dialogue,もしかして、あなたの物かな？,هل هي ملكك يا ترى؟,,[]
EL_M01_E07_2100_M030_PCM000_m,M01_E07_2100_M030_PCM000_m,dialogue,ああ、そのネコにしてやられて……,أجل، لقد خدعني ذلك القط...,,[]
EL_M01_E07_2100_M040_NPC4229_m,M01_E07_2100_M040_NPC4229_m,dialogue,すまなかった。\nこのネコは……私の友人のようなものでね。,المعذرة منك.\nهذا القط... هو بمثابة صديق لي.,,"[""\\n""]"
EL_M01_E07_2100_M050_NPC4229_m,M01_E07_2100_M050_NPC4229_m,dialogue,普段はこんないたずらはしないんだが……\n何か君に縁を感じて導いてくれたのかもしれない。,هو لا يقوم بمثل هذه المقالب عادةً...\nولكن ربما شعر بوجود رابط بيننا وقادنا إليك.,,"[""\\n""]"
EL_M01_E07_2100_M060_PCM000_m,M01_E07_2100_M060_PCM000_m,dialogue,は、はあ……,آه، هكذا إذن...,,[]
EL_M01_E07_2100_M070_NPC4229_m,M01_E07_2100_M070_NPC4229_m,dialogue,お金は返すよ。\nそれからお詫びとして……受け取ってくれ。,سأعيد إليك نقودك.\nوخذ هذا أيضًا... اعتذارًا مني.,,"[""\\n""]"
EL_M01_E07_2100_M080_PCM000_m,M01_E07_2100_M080_PCM000_m,dialogue,これは……,هذا...,,[]
EL_M01_E07_2100_M110_NPC4229_m,M01_E07_2100_M110_NPC4229_m,dialogue,見たところ、君は腕に覚えがありそうだからね。\nきっとうまく使いこなせるだろう。,يبدو لي أنك واثق من مهاراتك.\nأنا متأكد من أنك ستعرف كيف تستخدمه جيدًا.,,"[""\\n""]"
EL_M01_E07_2100_M120_PCM000_m,M01_E07_2100_M120_PCM000_m,dialogue,噂では聞いたことがあった。\n不思議な石を扱う行商人がいると……,لقد سمعتُ شائعات من قبل...\nعن وجود متجول يتاجر بأحجار غريبة...,,"[""\\n""]"
EL_M01_E07_2100_M130_PCM000_m,M01_E07_2100_M130_PCM000_m,dialogue,あなたが、そうだったのか。,إذن أنت هو ذلك التاجر.,,[]
EL_M01_E07_2100_M140_NPC4229_m,M01_E07_2100_M140_NPC4229_m,dialogue,私は、それを必要とする者の前に現れる。\nこのネコと同様に、君と巡り会う運命だったのだろう。,أنا أظهر أمام من يحتاج إليّ.\nيبدو أنه كان من المقدر لنا أن نلتقي، تمامًا كما حدث مع هذا القط.,,"[""\\n""]"
EL_M01_E07_3000_M010_NPC4320_00_m,M01_E07_3000_M010_NPC4320_00_m,dialogue,くっ……次から次に蛮族が現れて……\n逃げ遅れちまった……,تبًا... يظهر الهمج واحدًا تلو الآخر...\nولم أتمكن من الهرب في الوقت المناسب...,,"[""\\n""]"
EL_M01_E07_3000_M020_NPC4320_00_m,M01_E07_3000_M020_NPC4320_00_m,dialogue,助けてくれて、ありがとな。\nまだ奥に残っているヤツがいる、探してやってくれ。,شكرًا لإنقاذي.\nلا يزال هناك شخص آخر في الداخل، أرجوك ابحث عنه.,,"[""\\n""]"
EL_M01_E07_3100_M010_NPC4330_00_m,M01_E07_3100_M010_NPC4330_00_m,dialogue,遺跡に興味があって、ここまでついてきたけど……\n軽率だったよ……,لقد جئتُ إلى هنا بدافع الفضول تجاه الأطلال...\nولكني تصرفت بطيش...,,"[""\\n""]"
EL_M01_E07_3100_M020_NPC4330_00_m,M01_E07_3100_M020_NPC4330_00_m,dialogue,まだ奥に人がいるみたいなんだ。\n俺はもう大丈夫だから、どうか助けてやってくれ。,يبدو أن هناك شخصًا آخر في الداخل.\nأنا بخير الآن، لذا أرجوك اذهب وساعده.,,"[""\\n""]"
EL_M01_E07_3200_M010_NPC4340_00_m,M01_E07_3200_M010_NPC4340_00_m,dialogue,うう……ありがとな……\nこんなところに取り残されて、困っていたんだ……,آه... شكرًا لك...\nلقد كنتُ عالقًا في مكان كهذا ومحاصرًا في ورطة...,,"[""\\n""]"
EL_M01_E07_3200_M020_NPC4340_00_m,M01_E07_3200_M020_NPC4340_00_m,dialogue,だけど、残ってるのは俺一人じゃない。\nまだ奥にいるヤツを助けてやってくれ。,لكني لستُ الوحيد المتبقي.\nأرجوك أنقذ من لا يزال في الداخل.,,"[""\\n""]"
EL_M01_E08_1000,M01_E08_1000,dialogue,瀕死状態の冒険者（オリバー）を発見\nまもなく死亡する,العثور على المغامر (أوليفر) وهو يحتضر\nووفاته بعد قليل,,"[""\\n""]"
EL_M01_E08_1000_M010_NPC4349_m,M01_E08_1000_M010_NPC4349_m,dialogue,う、うう……,آه... أوه...,,[]
EL_M01_E08_1000_M020_PCM000_m,M01_E08_1000_M020_PCM000_m,dialogue,オリバー！？\nお前だったのか！,أوليفر!؟\nأهذا أنت!,,"[""\\n""]"
EL_M01_E08_1000_M030_PCM000_m,M01_E08_1000_M030_PCM000_m,dialogue,おい、しっかりしろ！,مهلًا، تماسَك!,,[]
EL_M01_E08_1000_M040_NPC4349_m,M01_E08_1000_M040_NPC4349_m,dialogue,エリオット……\n助けにきてくれたの……か？,إليوت...\nهل أتيت... لإنقاذي؟,,"[""\\n""]"
EL_M01_E08_1000_M050_NPC4349_m,M01_E08_1000_M050_NPC4349_m,dialogue,悪いな、迷惑をかけちまって……\nちょっと欲を出しすぎちまった……,أنا آسف لأنني سببتُ لك المتاعب...\nلقد طمعتُ قليلًا أكثر من اللازم...,,"[""\\n""]"
EL_M01_E08_1000_M060_NPC4349_m,M01_E08_1000_M060_NPC4349_m,dialogue,あいつに……もっといい暮らしを……\nさせてやりたく……て……,أردتُ أن أمنحها... حياة أفضل...\nأردتُ فقط...,,"[""\\n""]"
EL_M01_E08_1000_M080_NPC0010_f,M01_E08_1000_M080_NPC0010_f,dialogue,もうかけています！\nでも――,أنا ألقي تعويذتي بالفعل!\nولكن—,,"[""\\n""]"
EL_M01_E08_1000_M090_NPC0010_f,M01_E08_1000_M090_NPC0010_f,dialogue,どんな魔法も、命を蘇らせることだけは……,ليس هناك أي سحر يمكنه إحياء الموتى...,,[]
EL_M01_E08_1000_M100_PCM000_m,M01_E08_1000_M100_PCM000_m,dialogue,くっ……こいつは、\nもうすぐ結婚するはずだったんだ。,تبًا... لقد كان هذا الفتى\nعلى وشك الزواج قريبًا.,,"[""\\n""]"
EL_M01_E08_1000_M120_PCM000_m,M01_E08_1000_M120_PCM000_m,dialogue,まだ遭難者がいるかもしれない。\nもっと奥を捜してみよう。,ربما لا يزال هناك مفقودون آخرون.\nدعنا نبحث في أعماق الأطلال.,,"[""\\n""]"
EL_M01_E09_1000,M01_E09_1000,dialogue,「古びた鍵」と「太古の書」を発見\n城に帰還する,العثور على «مفتاح قديم» و«كتاب أثري»\nالعودة إلى القلعة,,"[""\\n""]"
EL_M01_E09_1000_M010_PCM000_m,M01_E09_1000_M010_PCM000_m,dialogue,本と……鍵……？,كتاب... ومفتاح...؟,,[]
EL_M01_E09_1000_M020_NPC0010_f,M01_E09_1000_M020_NPC0010_f,dialogue,どこの鍵でしょうか？\n今いる遺跡の扉は概ね開けたはず……,يا ترى لأي باب هذا المفتاح؟\nأعتقد أننا فتحنا معظم أبواب هذه الأطلال بالفعل...,,"[""\\n""]"
EL_M01_E09_1000_M030_PCM000_m,M01_E09_1000_M030_PCM000_m,dialogue,変わった文様をしている……\nたしかに気になるな。,يحمل نقشًا غريبًا...\nهذا يثير الفضول حقًا.,,"[""\\n""]"
EL_M01_E09_1000_M040_PCM000_m,M01_E09_1000_M040_PCM000_m,dialogue,他に遭難者はいないようだ。,يبدو أنه لا يوجد مفقودون آخرون.,,[]
EL_M01_E09_1000_M050_PCM000_m,M01_E09_1000_M050_PCM000_m,dialogue,こいつを城に持ち帰って\nユイジーヌに詳しく調べてもらおう。,سنأخذ هذا معنا إلى القلعة\nوندع يوجين يفحصه بالتفصيل.,,"[""\\n""]"
EL_M01_E09_1000_M060_NPC0010_f,M01_E09_1000_M060_NPC0010_f,dialogue,はい、お願いします。,أجل، أرجوك.,,[]
EL_M01_E10_1000,M01_E10_1000,dialogue,情報や宝を元に、「扉」について調べてもらえることになった。,بناءً على المعلومات والكنوز المستردة، تقرر إجراء بحث حول «الباب».,,[]
EL_M01_E10_1000_M010_NPC0030_m,M01_E10_1000_M010_NPC0030_m,dialogue,よく戻ったな、エリオット。\n早速ですまんが、報告を聞こう。,أهلاً بعودتك يا إليوت.\nالمعذرة على العجلة، فلنستمع إلى تقريرك.,,"[""\\n""]"
EL_M01_E10_1000_M020_PCM000_m,M01_E10_1000_M020_PCM000_m,dialogue,……調査結果は以上です。,...هذه هي نتائج التحقيق كاملة.,,[]
EL_M01_E10_1000_M030_NPC0030_m,M01_E10_1000_M030_NPC0030_m,dialogue,ユイジーヌ、\nエリオットが持ち帰った書の内容は？,يوجين،\nما هو محتوى الكتاب الذي أحضره إليوت؟,,"[""\\n""]"
EL_M01_E10_1000_M040_NPC0020_m,M01_E10_1000_M040_NPC0020_m,dialogue,非常に古い言葉ですが……\nなんとか読めます。,إنها لغة قديمة للغاية...\nولكني أستطيع قراءتها بطريقة ما.,,"[""\\n""]"
EL_M01_E10_1000_M050_NPC0020_m,M01_E10_1000_M050_NPC0020_m,dialogue,どうやら、扉のような遺物について\n書かれているようです。,يبدو أن الكتاب يتحدث عن أثر يشبه الباب.,,"[""\\n""]"
EL_M01_E10_1000_M060_NPC0020_m,M01_E10_1000_M060_NPC0020_m,dialogue,『彼の扉は、時を渡る魔法――\n　数百年の時間を貫く道なり』,«هذا الباب سحر يعبر الزمن—\nطريق ينفذ عبر مئات السنين»,,"[""\\n""]"
EL_M01_E10_1000_M070_NPC0020_m,M01_E10_1000_M070_NPC0020_m,dialogue,『この扉より希望の勇者たちが旅立てり。\n　しかし、使命を果たして戻りし者なし……』,«من هذا الباب انطلق أبطال الأمل.\nولكن، لم يعد منهم أحد بعد أداء مهمته...»,,"[""\\n""]"
EL_M01_E10_1000_M080_NPC0020_m,M01_E10_1000_M080_NPC0020_m,dialogue,『もはや希望はあらず。\n　歴史を乱さぬよう、鍵にて“時の扉”を封じるべし』,«لم يعد هناك أمل.\nولكي لا يختل التاريخ، يجب إغلاق ”باب الزمن“ بالمفتاح»,,"[""\\n""]"
EL_M01_E10_1000_M090_PCM000_m,M01_E10_1000_M090_PCM000_m,dialogue,まさか時を移動できるっていうのか！？,هل يعقل أنه يمكننا السفر عبر الزمن!؟,,[]
EL_M01_E10_1000_M100_NPC0020_m,M01_E10_1000_M100_NPC0020_m,dialogue,そのまさかのようだ。\nきちんと解読しないと詳しくはわからないけど……,يبدو أن الأمر كذلك بالفعل.\nرغم أننا لن نعرف التفاصيل دون فك التشفير كاملاً...,,"[""\\n""]"
EL_M01_E10_1000_M110_NPC0030_m,M01_E10_1000_M110_NPC0030_m,dialogue,……わかった。\n解読をすすめよ。,...حسناً.\nتابع فك التشفير.,,"[""\\n""]"
EL_M01_E10_1000_M120_NPC0040_m,M01_E10_1000_M120_NPC0040_m,dialogue,素晴らしい！\nその力があれば……,رائع!\nلو امتلكنا تلك القوة...,,"[""\\n""]"
EL_M01_E10_1000_M140_PCM000_m,M01_E10_1000_M140_PCM000_m,dialogue,はっ！,أوه!,,[]
EL_M01_E10_1000_M160_NPC0040_m,M01_E10_1000_M160_NPC0040_m,dialogue,この者は、陛下の許可なく霧の遺跡に立ち入りました。\n厳しく処罰せねば、示しがつきませぬ。,لقد دخل هذا الشخص أطلال الضباب دون إذن جلالتكم.\nيجب معاقبته بصرامة ليكون عبرة لغيره.,,"[""\\n""]"
EL_M01_E10_1000_M170_NPC0010_f,M01_E10_1000_M170_NPC0010_f,dialogue,エリオットは遭難した冒険家を\n救いに行ったのです！,لقد ذهب إليوت لإنقاذ المغامرين المفقودين!,,"[""\\n""]"
EL_M01_E10_1000_M190_NPC0040_m,M01_E10_1000_M190_NPC0040_m,dialogue,……わかりました。\n鍵と書を手に入れた手柄に免じて不問としましょう。,...حسناً.\nسنتغاضى عن الأمر تقديراً لجهوده في استعادة المفتاح والكتاب.,,"[""\\n""]"
EL_M01_E10_1000_M200_NPC0040_m,M01_E10_1000_M200_NPC0040_m,dialogue,ユイジーヌ。\n回収した鍵は、扉を開くための物と考えていいのだな？,يوجين.\nهل يمكننا اعتبار أن المفتاح الذي استعدناه مخصص لفتح الباب؟,,"[""\\n""]"
EL_M01_E10_1000_M210_NPC0020_m,M01_E10_1000_M210_NPC0020_m,dialogue,おそらくは。\nしかし、よく調べてみないと……,على الأرجح.\nولكن، لا بد من فحصه بدقة أولاً...,,"[""\\n""]"
EL_M01_E10_1000_M220_NPC0040_m,M01_E10_1000_M220_NPC0040_m,dialogue,時間の無駄だ。\n実際に試せばよかろう。,هذا مضيعة للوقت.\nيجدر بنا أن نجربه عملياً فحسب.,,"[""\\n""]"
EL_M01_E10_1000_M230_NPC0030_m,M01_E10_1000_M230_NPC0030_m,dialogue,だめだ。\n誰も立ち入ってはならぬ。,كلا.\nلا يسمح لأحد بالدخول.,,"[""\\n""]"
EL_M01_E10_1000_M240_NPC0030_m,M01_E10_1000_M240_NPC0030_m,dialogue,もし、その時の扉とやらが本物であれば、\nどれほどのことが起こるかわからぬからな。,لأنه إن كان ما يدعى باب الزمن هذا حقيقياً،\nفلا ندري أي عواقب وخيمة قد تترتب على ذلك.,,"[""\\n""]"
EL_M01_E10_1000_M250_NPC0040_m,M01_E10_1000_M250_NPC0040_m,dialogue,陛下！\nこの件は私にお任せいただきたい――,جلالة الملك!\nأرجو أن تترك هذا الأمر لي—,,"[""\\n""]"
EL_M01_E10_1000_M260_NPC0030_m,M01_E10_1000_M260_NPC0030_m,dialogue,くどい！,يكفي إلحاحاً!,,[]
EL_M01_E10_1000_M270_NPC0030_m,M01_E10_1000_M270_NPC0030_m,dialogue,ユイジーヌ、解読を急げ。,يوجين، أسرع بفك التشفير.,,[]
EL_M01_E10_1000_M280_NPC0020_m,M01_E10_1000_M280_NPC0020_m,dialogue,かしこまりました。,أمرك مطاع.,,[]
EL_M01_E10_1000_M290_NPC0040_m,M01_E10_1000_M290_NPC0040_m,dialogue,くっ……そんな考えでは人間に未来はない！\nなぜそれがわからぬのだ……！,تباً... بهذا التفكير لن يكون للبشرية مستقبل!\nلماذا لا تفهم هذا...!,,"[""\\n""]"
EL_M01_E10_1000_M300_PCM000_m,M01_E10_1000_M300_PCM000_m,dialogue,さて、と。\n……お別れです、姫。,حسنًا إذن.\n...حان وقت الوداع أيتها الأميرة.,,"[""\\n""]"
EL_M01_E10_1000_M310_PCM000_m,M01_E10_1000_M310_PCM000_m,dialogue,あなたのサポートは、とても心強かった。\n感謝しています。,لقد كان دعمكِ لي مصدر قوة كبيرة.\nأنا ممتن لكِ.,,"[""\\n""]"
EL_M01_E10_1000_M320_NPC0010_f,M01_E10_1000_M320_NPC0010_f,dialogue,私こそ……あなたのおかげで、\n広い世界を知ることができました。,بل الشكر لك... فبفضلك،\nتمكنتُ من معرفة مدى اتساع هذا العالم.,,"[""\\n""]"
EL_M01_E10_1000_M330_NPC0010_f,M01_E10_1000_M330_NPC0010_f,dialogue,本当にありがとう、エリオット。,شكرًا جزيلًا لك يا إليوت.,,[]
EL_M01_E10_1000_M360_NPC0030_m,M01_E10_1000_M360_NPC0030_m,dialogue,今しばし、娘に学びの機会を与えてほしい。,أود منك أن تمنح ابنتي فرصة للتعلم لفترة أطول.,,[]
EL_M01_E10_1000_M370_PCM000_m,M01_E10_1000_M370_PCM000_m,dialogue,えっ！？,ماذا!؟,,[]
EL_M01_E10_1000_M380_NPC0010_f,M01_E10_1000_M380_NPC0010_f,dialogue,よろしいのですか？,هل هذا مقبول حقًا؟,,[]
EL_M01_E10_1000_M390_NPC0030_m,M01_E10_1000_M390_NPC0030_m,dialogue,頼む。\nこれはヒューリアの父親としての願いだ。,أرجوك.\nهذا رجاء مني بصفتي والد هيوريا.,,"[""\\n""]"
EL_M01_E10_1000_M410_NPC0010_f,M01_E10_1000_M410_NPC0010_f,dialogue,ありがとうございます！\nお父様！,شكرًا لك!\nيا أبي!,,"[""\\n""]"
EL_M01_E10_1000_M420_NPC0010_f,M01_E10_1000_M420_NPC0010_f,dialogue,エリオット。\n今回の件で、私は自分の無知を思い知りました。,إليوت.\nبسبب هذه الحادثة، أدركتُ مدى جهلي.,,"[""\\n""]"
EL_M01_E10_1000_M430_NPC0010_f,M01_E10_1000_M430_NPC0010_f,dialogue,王家の者として……いいえ、一人の人間として\n世界や民のことを、もっと学びたいのです。,بصفتي فردًا من العائلة المالكة... كلا، بل كإنسانة فحسب،\nأود أن أتعلم المزيد عن العالم وشعبي.,,"[""\\n""]"
EL_M01_E10_1000_M450_PCM000_m,M01_E10_1000_M450_PCM000_m,dialogue,もちろんです。\n俺が、あなたの目となり足となりましょう。,بالتأكيد.\nسأكون عينيكِ اللتين ترين بهما، وقدميكِ اللتين تسيرين بهما.,,"[""\\n""]"
EL_M01_E10_1000_M460_NPC0010_f,M01_E10_1000_M460_NPC0010_f,dialogue,ありがとう。,شكرًا لك.,,[]
EL_M01_E10_1000_M470_NPC0010_f,M01_E10_1000_M470_NPC0010_f,dialogue,では、さっそく冒険へ参りましょう！,إذن، فلننطلق في مغامرتنا على الفور!,,[]
EL_M01_E11_1000_M010_NPC0040_m,M01_E11_1000_M010_NPC0040_m,dialogue,……おお、ついにたどり着いたぞ！,...أوه، لقد وصلنا أخيرًا!,,[]
EL_M01_E11_1000_M020_NPC0040_m,M01_E11_1000_M020_NPC0040_m,dialogue,よし、例の鍵を出せ。,حسناً، أخرج ذلك المفتاح.,,[]
EL_M01_E11_1000_M030_NPC4319_m,M01_E11_1000_M030_NPC4319_m,dialogue,カイフリード様、本当に良いのですか？\n陛下の許しもなく、こんなことを……,سيد كايفرايد، هل هذا مقبول حقًا؟\nالقيام بهذا دون إذن جلالة الملك...,,"[""\\n""]"
EL_M01_E11_1000_M040_NPC0040_m,M01_E11_1000_M040_NPC0040_m,dialogue,もはや許可など無用。\n鍵をよこせ。,لم يعد هناك داعٍ للإذن.\nهات المفتاح.,,"[""\\n""]"
EL_M01_E11_1000_M050_NPC4319_m,M01_E11_1000_M050_NPC4319_m,dialogue,は……はい……,حـ... حاضر...,,[]
EL_M01_E11_1000_M060_NPC0040_m,M01_E11_1000_M060_NPC0040_m,dialogue,ははは、動いたぞ！,هاهاها، لقد تحرك!,,[]
EL_M01_E11_1000_M070_NPC4319_m,M01_E11_1000_M070_NPC4319_m,dialogue,なんなのですか、これは！？,ما هذا بحق السماء!؟,,[]
EL_M01_E11_1000_M080_NPC0040_m,M01_E11_1000_M080_NPC0040_m,dialogue,時を渡る魔法遺物――時の扉だ。,إنه أثر سحري يعبر الزمن—باب الزمن.,,[]
EL_M01_E11_1000_M090_NPC4319_m,M01_E11_1000_M090_NPC4319_m,dialogue,時を渡る！？\nそんなことができるのですか？,يعبر الزمن!؟\nهل يعقل أن يكون شيء كهذا ممكنًا؟,,"[""\\n""]"
EL_M01_E11_1000_M100_NPC0040_m,M01_E11_1000_M100_NPC0040_m,dialogue,今からそれを確かめる。\nさあ、行くぞ。,سنتحقق من ذلك الآن.\nهيا، فلنذهب.,,"[""\\n""]"
EL_M01_E11_1000_M110_NPC4319_m,M01_E11_1000_M110_NPC4319_m,dialogue,お、お待ちください！\nもっとよく調べてからのほうが……,مهـ... مهلاً!\nأليس من الأفضل فحصه بدقة أكبر أولاً...,,"[""\\n""]"
EL_M01_E11_1000_M120_NPC0040_m,M01_E11_1000_M120_NPC0040_m,dialogue,……貴様も腑抜けているのか？,...هل أنت جبان أيضاً؟,,[]
EL_M01_E11_1000_M130_NPC4319_m,M01_E11_1000_M130_NPC4319_m,dialogue,うあああっ……！,آاااه...!,,[]
EL_M01_E11_1000_M140_NPC0040_m,M01_E11_1000_M140_NPC0040_m,dialogue,急がねば、この遺跡も王に封鎖されてしまう！,إن لم نسرع، سيقوم الملك بإغلاق هذه الأطلال أيضاً!,,[]
EL_M01_E11_1000_M150_NPC0040_m,M01_E11_1000_M150_NPC0040_m,dialogue,臆病なヒカルドは、力を恐れてばかりいる！\n大いなる力があれば、未来を手にできるというのに……,إن هيكاردو الجبان لا يفعل شيئاً سوى الخوف من القوة!\nرغم أنه بالقوة العظيمة، يمكننا امتلاك المستقبل...,,"[""\\n""]"
EL_M01_E11_1000_M160_NPC0040_m,M01_E11_1000_M160_NPC0040_m,dialogue,愚かな王家に代わって私が創らねばならん！\n新たな歴史を……！,يجب أن أصنع تاريخاً جديداً\nبديلاً عن هذه العائلة المالكة الحمقاء...!,,"[""\\n""]"
EL_M01_E11_1000_M170_NPC0040_m,M01_E11_1000_M170_NPC0040_m,dialogue,……それこそが本来あるべき歴史なのだ。,...هذا هو التاريخ الذي يجب أن يكون.,,[]
EL_M01_E11_1000_M180_NPC4319_m,M01_E11_1000_M180_NPC4319_m,dialogue,う……うう……,آه... أوه...,,[]
EL_M01_E12_1000,M01_E12_1000,dialogue,姫の私室にやってきた。姫の使命について知る\nすると王から至急の呼び出しが,الوصول إلى غرفة الأميرة الخاصة، ومعرفة مهمتها\nوعندها، يصل استدعاء عاجل من الملك,,"[""\\n""]"
EL_M01_E12_1000_M010_PCM000_m,M01_E12_1000_M010_PCM000_m,dialogue,ヒューリア、このたびは\nお招きいただき恐縮です……,هيوريا، أنا ممتن للغاية\nلدعوتكِ لي...,,"[""\\n""]"
EL_M01_E12_1000_M020_NPC0010_f,M01_E12_1000_M020_NPC0010_f,dialogue,ふふ、どういたしまして。,ههه، على الرحب والسعة.,,[]
EL_M01_E12_1000_M030_NPC0010_f,M01_E12_1000_M030_NPC0010_f,dialogue,こんな風に、お友達を招待するなんて初めて。\n来てくれて嬉しいです。,هذه هي المرة الأولى التي أدعو فيها صديقًا إلى هنا.\nأنا سعيدة بقدومك.,,"[""\\n""]"
EL_M01_E12_1000_M040_PCM000_m,M01_E12_1000_M040_PCM000_m,dialogue,……君は、ほとんど城から出ずに暮らしてるんだね。,...يبدو أنكِ تقضين حياتكِ دون الخروج من القلعة تقريبًا.,,[]
EL_M01_E12_1000_M060_NPC0010_f,M01_E12_1000_M060_NPC0010_f,dialogue,それができるのは私だけですから。,لأني الوحيدة القادرة على القيام بذلك.,,[]
EL_M01_E12_1000_M070_PCM000_m,M01_E12_1000_M070_PCM000_m,dialogue,これからも、ずっと……,وهل سيستمر هذا إلى الأبد...,,[]
EL_M01_E12_1000_M080_NPC0010_f,M01_E12_1000_M080_NPC0010_f,dialogue,強い魔力を持って生まれた私の使命です。\n寂しくなることもあるけれど……,هذه مهمتي التي وُلدتُ بها لامتلاكي قوة سحرية عظيمة.\nرغم أنني أشعر بالوحدة أحيانًا...,,"[""\\n""]"
EL_M01_E12_1000_M090_NPC0010_f,M01_E12_1000_M090_NPC0010_f,dialogue,そんなときは、このペンダントが元気をくれるんです。,ولكن في مثل تلك الأوقات، تمدني هذه القلادة بالقوة.,,[]
EL_M01_E12_1000_M100_PCM000_m,M01_E12_1000_M100_PCM000_m,dialogue,ペンダント……？,قلادة...؟,,[]
EL_M01_E12_1000_M120_NPC0010_f,M01_E12_1000_M120_NPC0010_f,dialogue,……わかりました。\n私も協力いたしましょう。,...حسناً.\nسأقدم المساعدة أيضاً.,,"[""\\n""]"
EL_M01_E12_1000_M130_PCM000_m,M01_E12_1000_M130_PCM000_m,dialogue,ヒューリア様……？,الأميرة هيوريا...؟,,[]
EL_M01_E12_1000_M150_NPC0010_f,M01_E12_1000_M150_NPC0010_f,dialogue,『希望は、いつも“そこ”にある』,«الأمل موجود ”هناك“ دائماً»,,[]
EL_M01_E12_1000_M160_NPC0010_f,M01_E12_1000_M160_NPC0010_f,dialogue,この『琥珀のペンダント』は\n持ち主の周囲で起こったことを記録できるんです。,هذه «قلادة الكهرمان»\nيمكنها تسجيل ما يحدث حول صاحبها.,,"[""\\n""]"
EL_M01_E12_1000_M170_NPC0010_f,M01_E12_1000_M170_NPC0010_f,dialogue,王家の女性に代々受け継がれてきた物で\n幼い頃……亡くなった母からもらったんです。,يتوارثها نساء العائلة المالكة جيلاً بعد جيل.\nوقد حصلتُ عليها في صغري من والدتي الراحلة.,,"[""\\n""]"
EL_M01_E12_1000_M180_NPC0010_f,M01_E12_1000_M180_NPC0010_f,dialogue,『暗い想いに心を凍らせないで。\n　どんなときも未来を信じて生きるのよ』,«لا تدعي الأفكار المظلمة تجمد قلبكِ.\nوعليكِ أن تعيشي مؤمنة بالمستقبل دائماً»,,"[""\\n""]"
EL_M01_E12_1000_M190_NPC0010_f,M01_E12_1000_M190_NPC0010_f,dialogue,『希望は、いつも“そこ”にあるのだから』,«لأن الأمل موجود ”هناك“ دائماً»,,[]
EL_M01_E12_1000_M210_NPC0010_f,M01_E12_1000_M210_NPC0010_f,dialogue,ペンダントと共に伝わっている\nとても古い言葉だそうです。,يُقال إنها كلمات قديمة للغاية\nتوارثت مع القلادة.,,"[""\\n""]"
EL_M01_E12_1000_M220_NPC0010_f,M01_E12_1000_M220_NPC0010_f,dialogue,亡くなる直前に母は、\nこの言葉と共にペンダントを渡してくれました。,لقد أعطتني والدتي القلادة مع هذه الكلمات\nقبل وفاتها مباشرة.,,"[""\\n""]"
EL_M01_E12_1000_M230_NPC0010_f,M01_E12_1000_M230_NPC0010_f,dialogue,私は『お母様の言ったことを守って頑張るよ』って\n母と約束したんです。,لقد قطعتُ وعدًا لوالدتي قائلة: «سأبذل قصارى جهدي وأعمل بما نصحتني به».,,"[""\\n""]"
EL_M01_E12_1000_M240_PCM000_m,M01_E12_1000_M240_PCM000_m,dialogue,そうか。\n王妃様との思い出が君を支えてくれているんだな。,فهمت.\nإذن ذكرياتكِ مع الملكة هي ما يمدكِ بالقوة.,,"[""\\n""]"
EL_M01_E12_1000_M250_NPC0010_f,M01_E12_1000_M250_NPC0010_f,dialogue,ええ。\nそれにエリオットとの思い出もできましたし。,أجل.\nبالإضافة إلى ذكرياتي الجديدة معك يا إليوت.,,"[""\\n""]"
EL_M01_E12_1000_M260_PCM000_m,M01_E12_1000_M260_PCM000_m,dialogue,はは、ちょっとでも力になれたなら嬉しいよ。,ههه، يسعدني كثيرًا أن أكون ذو عون لكِ ولو بقليل.,,[]
EL_M01_E12_1000_M270_PCM000_m,M01_E12_1000_M270_PCM000_m,dialogue,それにしても世の中には不思議な物があるなあ。,على أي حال، هناك أشياء عجيبة حقًا في هذا العالَم.,,[]
EL_M01_E12_1000_M280_NPC0010_f,M01_E12_1000_M280_NPC0010_f,dialogue,本当に！\nしかも、実は王家よりずっと古い物みたいなんです。,حقاً!\nويبدو أن عمرها أقدم بكثير من العائلة المالكة نفسها.,,"[""\\n""]"
EL_M01_E12_1000_M290_NPC0010_f,M01_E12_1000_M290_NPC0010_f,dialogue,元々の持ち主がどんな人だったのか……\nずっと知りたいと思っていました。,من كان صاحبها الأصلي يا ترى...\nلطالما أردتُ معرفة ذلك.,,"[""\\n""]"
EL_M01_E12_1000_M300_NPC0010_f,M01_E12_1000_M300_NPC0010_f,dialogue,あなたと冒険を続けられたら、\nこのペンダントの由来がわかるかもって――,فكرتُ بأنه إذا استمررتُ بالمغامرة معك،\nفربما أعرف أصل هذه القلادة—,,"[""\\n""]"
EL_M01_E12_1000_M310_NPC0010_f,M01_E12_1000_M310_NPC0010_f,dialogue,ごめんなさい。\n自分のことばかり話してしまって……,أنا آسفة.\nلقد أطلتُ الحديث عن نفسي فحسب...,,"[""\\n""]"
EL_M01_E12_1000_M320_PCM000_m,M01_E12_1000_M320_PCM000_m,dialogue,かまわないよ。\n君のことを知れて嬉しかった。,لا داعي للاعتذار.\nلقد سررتُ بمعرفة المزيد عنكِ.,,"[""\\n""]"
EL_M01_E12_1000_M330_NPC0010_f,M01_E12_1000_M330_NPC0010_f,dialogue,ふふ、それなら良かった。,ههه، يسعدني سماع ذلك.,,[]
EL_M01_E12_1000_M340_NPC4310_00_m,M01_E12_1000_M340_NPC4310_00_m,dialogue,失礼します、ヒューリア様。,المعذرة يا أميرة هيوريا.,,[]
EL_M01_E12_1000_M350_NPC4310_00_m,M01_E12_1000_M350_NPC4310_00_m,dialogue,ヒカルド陛下よりの伝言です。\n至急、冒険家エリオットを呼び出してほしいと。,هذه رسالة من جلالة الملك هيكاردو.\nيطلب استدعاء المغامر إليوت على الفور.,,"[""\\n""]"
EL_M01_E12_1000_M360_NPC0010_f,M01_E12_1000_M360_NPC0010_f,dialogue,エリオットなら、ここにいますが……\n何事ですか？,إليوت هنا بالفعل...\nولكن ماذا هناك؟,,"[""\\n""]"
EL_M01_E12_1000_M370_NPC4310_00_m,M01_E12_1000_M370_NPC4310_00_m,dialogue,聞いておりません。\n陛下から直接お話があるそうです。,لم يتم إخباري بالتفاصيل.\nولكن جلالته يريد التحدث معه شخصياً.,,"[""\\n""]"
EL_M01_E12_1000_M380_PCM000_m,M01_E12_1000_M380_PCM000_m,dialogue,……わかりました。\nすぐに参上します。,...علمتُ بذلك.\nسأمثل بين يديه على الفور.,,"[""\\n""]"
EL_M01_E12_1000_M390_NPC0010_f,M01_E12_1000_M390_NPC0010_f,dialogue,私も一緒に行きます。,سأذهب معك أيضاً.,,[]
EL_M01_E12_2000_M010_NPC0030_m,M01_E12_2000_M010_NPC0030_m,dialogue,……何度もすまぬな、エリオット。\nまた、そなたに頼みたいことができたのだ。,...المعذرة على تكرار استدعائك يا إليوت.\nولكني بحاجة إلى الاعتماد عليك في أمر آخر.,,"[""\\n""]"
EL_M01_E12_2000_M020_PCM000_m,M01_E12_2000_M020_PCM000_m,dialogue,なにか事件が起こったのですね？,يبدو أن خطباً ما قد حدث؟,,[]
EL_M01_E12_2000_M030_NPC0030_m,M01_E12_2000_M030_NPC0030_m,dialogue,カイフリードが時の扉を開け、時を渡った。,لقد فتح كايفرايد باب الزمن، وعبر من خلاله.,,[]
EL_M01_E12_2000_M040_PCM000_m,M01_E12_2000_M040_PCM000_m,dialogue,なんですって！？,ماذا تقول!؟,,[]
EL_M01_E12_2000_M050_NPC0030_m,M01_E12_2000_M050_NPC0030_m,dialogue,やつは止めようとした兵士を斬りつけて\n時の扉をくぐった……,لقد هاجم الجنود الذين حاولوا إيقافه\nثم عبر باب الزمن...,,"[""\\n""]"
EL_M01_E12_2000_M060_NPC0030_m,M01_E12_2000_M060_NPC0030_m,dialogue,その兵士の証言では、\n『新たな歴史を創る』と言っていたそうだ。,وبحسب شهادة أحد الجنود،\nفقد كان يقول إنه سيصنع تاريخاً جديداً.,,"[""\\n""]"
EL_M01_E12_2000_M070_NPC0010_f,M01_E12_2000_M070_NPC0010_f,dialogue,歴史を変えようとしているというのですか？\nいったいどうやって……,هل تقصد أنه يحاول تغيير مجرى التاريخ؟\nولكن كيف يمكنه ذلك...,,"[""\\n""]"
EL_M01_E12_2000_M080_PCM000_m,M01_E12_2000_M080_PCM000_m,dialogue,ユイジーヌ、そんなことが可能なのか？,يوجين، هل هذا ممكن حقاً؟,,[]
EL_M01_E12_2000_M090_NPC0020_m,M01_E12_2000_M090_NPC0020_m,dialogue,正直に言えばわからない。\n時の扉は未知の魔法遺物だからね。,لكي أكون صادقاً، لا أدري.\nفباب الزمن أثر سحري مجهول تماماً.,,"[""\\n""]"
EL_M01_E12_2000_M100_NPC0020_m,M01_E12_2000_M100_NPC0020_m,dialogue,でも、たとえば過去に行った人物が\n重大な事件に干渉したら――,ولكن، إن تدخل شخص ذهب إلى الماضي\nفي حدث مصيري مثلاً—,,"[""\\n""]"
EL_M01_E12_2000_M110_NPC0020_m,M01_E12_2000_M110_NPC0020_m,dialogue,僕たちの世界が大きく変わってしまう可能性は\n否定できない。,فلا يمكننا نفي احتمال أن يتغير عالمنا الحالي بشكل كبير.,,"[""\\n""]"
EL_M01_E12_2000_M120_PCM000_m,M01_E12_2000_M120_PCM000_m,dialogue,こんな話が民にもれたら、\n不安と憶測でパニックになるな……,إن تسربت هذه الأنباء إلى عامة الشعب،\nفستسود حالة من الذعر والشكوك...,,"[""\\n""]"
EL_M01_E12_2000_M130_NPC0030_m,M01_E12_2000_M130_NPC0030_m,dialogue,そのとおりだ。\nゆえに事情を知る者だけで対処したい。,هذا صحيح.\nلهذا أود معالجة الأمر سراً بين من يعرفون الحقيقة.,,"[""\\n""]"
EL_M01_E12_2000_M140_PCM000_m,M01_E12_2000_M140_PCM000_m,dialogue,……わかりました。,...مفهوم.,,[]
EL_M01_E12_2000_M150_PCM000_m,M01_E12_2000_M150_PCM000_m,dialogue,カイフリード大臣を追って止めよ、というのですね？,تريد مني ملاحقة الجنرال كايفرايد وإيقافه، أليس كذلك؟,,[]
EL_M01_E12_2000_M160_NPC0030_m,M01_E12_2000_M160_NPC0030_m,dialogue,うむ。,أجل.,,[]
EL_M01_E12_2000_M170_NPC0010_f,M01_E12_2000_M170_NPC0010_f,dialogue,それはあまりに危険すぎます！,هذا أمر محفوف بالمخاطر للغاية!,,[]
EL_M01_E12_2000_M180_PCM000_m,M01_E12_2000_M180_PCM000_m,dialogue,姫、お気遣いありがとうございます。,أشكركِ على قلقكِ عليّ أيتها الأميرة.,,[]
EL_M01_E12_2000_M190_PCM000_m,M01_E12_2000_M190_PCM000_m,dialogue,しかし、冒険家が\n危険を理由に引き下がるわけにはいきません。,ولكن، لا يمكن لمغامر أن يتراجع لمجرد وجود خطر.,,"[""\\n""]"
EL_M01_E12_2000_M200_PCM000_m,M01_E12_2000_M200_PCM000_m,dialogue,なにより、俺もこの世界に消えてほしくない。\nだから――,وقبل كل شيء، لا أريد لهذا العالم أن يزول.\nلذلك—,,"[""\\n""]"
EL_M01_E12_2000_M210_PCM000_m,M01_E12_2000_M210_PCM000_m,dialogue,その特命、お受けいたします。,أقبل هذه المهمة الخاصة.,,[]
EL_M01_E12_2000_M220_NPC0010_f,M01_E12_2000_M220_NPC0010_f,dialogue,お父様、お願いです！,أبي، أرجوك!,,[]
EL_M01_E12_2000_M230_NPC0010_f,M01_E12_2000_M230_NPC0010_f,dialogue,どうか私に\nエリオットのサポートを続けさせてください！,اسمح لي بمواصلة تقديم الدعم لإليوت!,,"[""\\n""]"
EL_M01_E12_2000_M240_NPC0020_m,M01_E12_2000_M240_NPC0020_m,dialogue,ぼ、僕も！\nどうかご許可を！,وأنا... وأنا أيضاً!\nأرجو أن تأذن لي!,,"[""\\n""]"
EL_M01_E12_2000_M250_NPC0030_m,M01_E12_2000_M250_NPC0030_m,dialogue,困難な冒険になるだろう……\n二人とも力の限りエリオットを助けてやってくれ。,ستكون مغامرة شاقة للغاية...\nأرجو منكما مساعدة إليوت بكل ما أوتيتما من قوة.,,"[""\\n""]"
EL_M01_E12_2000_M260_NPC0030_m,M01_E12_2000_M260_NPC0030_m,dialogue,頼んだぞ、エリオットよ。,الاعتماد عليك يا إليوت.,,[]
EL_M01_E12_2000_M270_PCM000_m,M01_E12_2000_M270_PCM000_m,dialogue,はっ！\nこれより時の扉をくぐってカイフリードを追います。,أمرك!\nسأعبر باب الزمن الآن لملاحقة كايفرايد.,,"[""\\n""]"
